{"v":"5.1.5","fr":29.9700012207031,"ip":0,"op":900.000036657751,"w":720,"h":509,"nm":"3fa9e2521b5e13fed2909e45fc4559b9","ddd":0,"assets":[{"id":"image_0","w":720,"h":509,"u":"images/","p":"img_0.png"}],"fonts":{"list":[{"fName":"Mistral","fFamily":"Mistral","fStyle":"Regular","ascent":68.4791138395667}]},"layers":[{"ddd":0,"ind":1,"ty":5,"nm":"l’ile des réves","sr":1,"ks":{"o":{"a":0,"k":100,"ix":11},"r":{"a":0,"k":0,"ix":10},"p":{"a":0,"k":[277,297.5,0],"ix":2},"a":{"a":0,"k":[0,0,0],"ix":1},"s":{"a":0,"k":[100,100,100],"ix":6}},"ao":0,"hasMask":true,"masksProperties":[{"inv":false,"mode":"n","pt":{"a":0,"k":{"i":[[0,0],[0,0],[0,0],[0,0],[0,0],[0,0],[0,0],[0,0],[0,0],[0,0],[0,0],[0,0],[0,0],[0,0],[0,0],[0,0],[0,0],[0,0],[0,0],[0,0],[0,0],[0,0],[0,0],[0,0],[0,0],[0,0],[0,0],[0,0],[0,0],[0,0],[0,0],[0,0],[-5,-0.5],[0,0],[0,0],[0,0],[0,0],[0,0],[0,0],[0,0],[0,0],[0,0],[0,0],[0,0],[0,0],[0,0],[0,0],[0,0],[0,0],[0,0],[0,0],[0,0],[-6.5,-0.5],[0,0],[0,0],[0,0],[0,0],[0,0]],"o":[[0,0],[0,0],[0,0],[0,0],[0,0],[0,0],[0,0],[0,0],[0,0],[0,0],[0,0],[0,0],[0,0],[0,0],[0,0],[0,0],[0,0],[0,0],[0,0],[0,0],[0,0],[0,0],[0,0],[0,0],[0,0],[0,0],[0,0],[0,0],[0,0],[0,0],[0,0],[0,0],[5,0.5],[0,0],[0,0],[0,0],[0,0],[0,0],[0,0],[0,0],[0,0],[0,0],[0,0],[0,0],[0,0],[0,0],[0,0],[0,0],[0,0],[0,0],[0,0],[0,0],[6.5,0.5],[0,0],[0,0],[0,0],[0,0],[0,0]],"v":[[20.5,-50.5],[4.5,-3],[21,-7],[37,-33],[44.5,-49],[62.5,-49.5],[49.5,-5.5],[63,-3.5],[81,-49],[72.5,-5],[80,-8.5],[115.5,-7.5],[95.5,-24.5],[110.5,-26],[103.5,-44],[122,-48],[147.5,-49.5],[171,-37],[162.5,-11],[145,3.5],[148,-29],[173,-9],[211,-49],[194,-43],[205.5,-25],[204,-8.5],[181.5,-4],[190.5,5.5],[210,-1.5],[228,-8.5],[223.5,-29.5],[233.5,-49],[269,-47],[288,-45.5],[288.5,-33.5],[267.5,-20],[260,-4.5],[285,0.5],[319,-10],[300.5,-19.5],[318.5,-24.5],[303.5,-38],[323.5,-48.5],[325,-60.5],[316.5,-53.5],[337.5,-50],[333.5,-6],[357,-39.5],[391.5,-50.5],[369,-29.5],[384.5,-28.5],[365,-20.5],[361.5,-6],[383.5,-9],[391,1],[410.5,-8.5],[397.5,-32],[420.5,-51]],"c":false},"ix":1},"o":{"a":0,"k":100,"ix":3},"x":{"a":0,"k":0,"ix":4},"nm":"Masque 1"}],"ef":[{"ty":22,"nm":"Trait","np":13,"mn":"ADBE Stroke","ix":1,"en":1,"ef":[{"ty":10,"nm":"Chemin","mn":"ADBE Stroke-0001","ix":1,"v":{"a":0,"k":1,"ix":1}},{"ty":7,"nm":"Tous les masques","mn":"ADBE Stroke-0010","ix":2,"v":{"a":0,"k":0,"ix":2}},{"ty":7,"nm":"Contour séquentiel","mn":"ADBE Stroke-0011","ix":3,"v":{"a":0,"k":1,"ix":3}},{"ty":2,"nm":"Couleur","mn":"ADBE Stroke-0002","ix":4,"v":{"a":0,"k":[1,1,1,1],"ix":4}},{"ty":0,"nm":"Epaisseur","mn":"ADBE Stroke-0003","ix":5,"v":{"a":0,"k":18.6,"ix":5}},{"ty":0,"nm":"Dureté","mn":"ADBE Stroke-0004","ix":6,"v":{"a":0,"k":0.75,"ix":6}},{"ty":0,"nm":"Opacité","mn":"ADBE Stroke-0005","ix":7,"v":{"a":0,"k":1,"ix":7}},{"ty":0,"nm":"Début","mn":"ADBE Stroke-0008","ix":8,"v":{"a":1,"k":[{"i":{"x":[0.833],"y":[0.833]},"o":{"x":[0.167],"y":[0.167]},"n":["0p833_0p833_0p167_0p167"],"t":0,"s":[1],"e":[100]},{"i":{"x":[0.833],"y":[0.833]},"o":{"x":[0.167],"y":[0.167]},"n":["0p833_0p833_0p167_0p167"],"t":61,"s":[100],"e":[0]},{"t":116.000004724777}],"ix":8}},{"ty":0,"nm":"Fin","mn":"ADBE Stroke-0009","ix":9,"v":{"a":0,"k":100,"ix":9}},{"ty":7,"nm":"Espacement","mn":"ADBE Stroke-0006","ix":10,"v":{"a":0,"k":15,"ix":10}},{"ty":7,"nm":"Style de peinture","mn":"ADBE Stroke-0007","ix":11,"v":{"a":0,"k":3,"ix":11}}]}],"t":{"d":{"k":[{"s":{"s":72,"f":"Mistral","t":"L’ILE DES RÉVES","j":0,"tr":0,"lh":86.4,"ls":0,"fc":[0,0,0]},"t":0}]},"p":{},"m":{"g":1,"a":{"a":0,"k":[0,0],"ix":2}},"a":[]},"ip":59.0000024031193,"op":900.000036657751,"st":0,"bm":0},{"ddd":0,"ind":2,"ty":5,"nm":"djerba ","sr":1,"ks":{"o":{"a":0,"k":100,"ix":11},"r":{"a":0,"k":0,"ix":10},"p":{"a":0,"k":[41,393,0],"ix":2},"a":{"a":0,"k":[0,0,0],"ix":1},"s":{"a":0,"k":[100,100,100],"ix":6}},"ao":0,"hasMask":true,"masksProperties":[{"inv":false,"mode":"n","pt":{"a":0,"k":{"i":[[0.5,-10.5],[0,0],[0,0],[0,0],[0,0],[0,0],[0,0],[0,0],[0,0],[0,0],[0,0],[0,0],[0,0],[0,0],[0,0],[0,0],[0,0],[0,0],[0,0],[0,0],[0,0],[0,0],[0,0],[0,0],[0,0],[0,0],[0,0],[0,0],[0,0],[0,0],[-1.5,0.5],[0,0],[0,0],[0,0],[0,0],[0,0],[0,0],[0,0],[0,0],[0,0],[0,0],[0,0],[0,0],[0,0],[0,0],[0,0]],"o":[[-0.5,10.5],[0,0],[0,0],[0,0],[0,0],[0,0],[0,0],[0,0],[0,0],[0,0],[0,0],[0,0],[0,0],[0,0],[0,0],[0,0],[0,0],[0,0],[0,0],[0,0],[0,0],[0,0],[0,0],[0,0],[0,0],[0,0],[0,0],[0,0],[0,0],[0,0],[1.5,-0.5],[0,0],[0,0],[0,0],[0,0],[0,0],[0,0],[0,0],[0,0],[0,0],[0,0],[0,0],[0,0],[0,0],[0,0],[0,0]],"v":[[36,-37],[26,-10.5],[13,0],[6,-9],[16,-38],[12.5,-50],[27,-43.5],[59.5,-45.5],[65,-47.5],[57.5,-25.5],[46,-6],[39,-17.5],[99.5,-48],[82.5,-46],[73,-28],[90,-27],[70,-21],[65,-6],[88.5,-8],[98,-3.5],[109,-44.5],[128.5,-43],[124.5,-32],[112,-22.5],[107,-15.5],[120,-6],[126.5,-0.5],[134.5,-0.5],[136,-16],[140.5,-30.5],[145,-43.5],[164,-45.5],[163,-38.5],[153.5,-28.5],[145,-25],[149,-18],[156.5,-12.5],[142,-2.5],[160.5,2.5],[168.5,-15],[188.5,-43],[196.5,-34],[194,-19.5],[187,-4.5],[180.5,-20],[187,-18.5]],"c":false},"ix":1},"o":{"a":0,"k":100,"ix":3},"x":{"a":0,"k":0,"ix":4},"nm":"Masque 1"},{"inv":false,"mode":"n","pt":{"a":0,"k":{"i":[[0,0]],"o":[[0,0]],"v":[[238,-46.5]],"c":false},"ix":1},"o":{"a":0,"k":100,"ix":3},"x":{"a":0,"k":0,"ix":4},"nm":"Masque 2"}],"ef":[{"ty":22,"nm":"Trait","np":13,"mn":"ADBE Stroke","ix":1,"en":1,"ef":[{"ty":10,"nm":"Chemin","mn":"ADBE Stroke-0001","ix":1,"v":{"a":0,"k":1,"ix":1}},{"ty":7,"nm":"Tous les masques","mn":"ADBE Stroke-0010","ix":2,"v":{"a":0,"k":0,"ix":2}},{"ty":7,"nm":"Contour séquentiel","mn":"ADBE Stroke-0011","ix":3,"v":{"a":0,"k":1,"ix":3}},{"ty":2,"nm":"Couleur","mn":"ADBE Stroke-0002","ix":4,"v":{"a":0,"k":[1,1,1,1],"ix":4}},{"ty":0,"nm":"Epaisseur","mn":"ADBE Stroke-0003","ix":5,"v":{"a":0,"k":23,"ix":5}},{"ty":0,"nm":"Dureté","mn":"ADBE Stroke-0004","ix":6,"v":{"a":0,"k":0.75,"ix":6}},{"ty":0,"nm":"Opacité","mn":"ADBE Stroke-0005","ix":7,"v":{"a":0,"k":1,"ix":7}},{"ty":0,"nm":"Début","mn":"ADBE Stroke-0008","ix":8,"v":{"a":1,"k":[{"i":{"x":[0.833],"y":[0.833]},"o":{"x":[0.167],"y":[0.167]},"n":["0p833_0p833_0p167_0p167"],"t":0,"s":[0],"e":[100]},{"i":{"x":[0.833],"y":[0.833]},"o":{"x":[0.167],"y":[0.167]},"n":["0p833_0p833_0p167_0p167"],"t":41,"s":[100],"e":[100]},{"i":{"x":[0.833],"y":[0.833]},"o":{"x":[0.167],"y":[0.167]},"n":["0p833_0p833_0p167_0p167"],"t":61,"s":[100],"e":[100]},{"t":62.0000025253118}],"ix":8}},{"ty":0,"nm":"Fin","mn":"ADBE Stroke-0009","ix":9,"v":{"a":0,"k":0,"ix":9}},{"ty":7,"nm":"Espacement","mn":"ADBE Stroke-0006","ix":10,"v":{"a":0,"k":15,"ix":10}},{"ty":7,"nm":"Style de peinture","mn":"ADBE Stroke-0007","ix":11,"v":{"a":0,"k":3,"ix":11}}]}],"t":{"d":{"k":[{"s":{"s":72,"f":"Mistral","t":"DJERBA ","j":0,"tr":0,"lh":86.4,"ls":0,"fc":[0,0,0]},"t":0}]},"p":{},"m":{"g":1,"a":{"a":0,"k":[0,0],"ix":2}},"a":[]},"ip":0,"op":900.000036657751,"st":0,"bm":0},{"ddd":0,"ind":3,"ty":2,"nm":"3fa9e2521b5e13fed2909e45fc4559b9.jpg","cl":"jpg","refId":"image_0","sr":1,"ks":{"o":{"a":0,"k":100,"ix":11},"r":{"a":0,"k":0,"ix":10},"p":{"a":0,"k":[362,256.5,0],"ix":2},"a":{"a":0,"k":[360,254.5,0],"ix":1},"s":{"a":0,"k":[100,100,100],"ix":6}},"ao":0,"ip":0,"op":900.000036657751,"st":0,"bm":0}],"markers":[],"chars":[{"ch":"D","size":72,"style":"Regular","w":48.34,"data":{"shapes":[{"ty":"gr","it":[{"ind":0,"ty":"sh","ix":1,"ks":{"a":0,"k":{"i":[[0.944,-0.457],[1.367,-0.391],[2.051,-0.456],[0.748,-0.229],[0.455,-0.195],[-2.702,5.115],[0,4.561],[1.27,2.638],[2.669,2.313],[2.588,1.58],[3.45,1.791],[0.553,0.146],[0.781,0.13],[0.553,0.212],[0.391,0.261],[0.195,0],[0.391,-0.065],[0.488,0.261],[0.455,0.228],[0.618,0.114],[0.781,0],[0.325,-0.114],[0.325,-0.098],[0.911,0.163],[0.146,-0.163],[0,-0.293],[-0.148,-0.423],[-0.23,-0.651],[0.197,-0.651],[-0.445,-0.391],[-0.85,-0.391],[0,0],[-0.472,-0.081],[-0.359,0],[-0.375,-0.163],[0,-0.227],[0.325,-0.179],[0.684,-0.098],[1.041,-1.025],[0.098,-0.358],[0.146,-0.651],[0.13,-0.423],[0.098,-0.928],[0.13,-1.498],[0.179,-0.912],[0.227,-0.618],[0,0],[0.325,-2.116],[0.163,-2.409],[0.165,-2.165],[0.197,-2.116],[-0.099,-0.195],[0,0],[-0.198,-0.375],[-0.23,0],[-0.813,1.074],[-1.138,2.214],[0,0],[-0.195,0.814],[-0.488,2.832],[-0.977,4.623],[-0.7,2.865],[-0.455,1.628],[-1.025,-0.569],[-1.171,-0.586],[-1.496,-1.188],[-1.334,-1.497],[-0.764,-1.627],[0,-1.497],[0.293,-1.53],[0.651,-0.748],[0.244,-0.309],[0.163,-0.163],[0.684,-1.188],[0.455,-0.781],[0.293,-0.374],[0.26,-0.455],[0.781,-0.764],[1.302,-1.27],[0.813,-0.651],[0.748,-0.358],[0.471,-0.276],[0.325,-0.26],[1.074,-0.227],[0.667,-0.439],[0.488,-0.719],[0.488,-0.573],[0.325,-0.36],[-0.407,-0.375],[-0.391,-0.098],[-1.579,0.309],[-1.107,0.488],[0,0],[-1.97,1.141],[-2.539,1.99],[-1.318,0.13],[-0.945,0.066],[-0.537,0.163],[-0.391,0.098],[-1.074,0.539],[-0.652,0.653],[0.716,1.595]],"o":[[-0.945,0.457],[-2.181,0.523],[-0.977,0.327],[-0.749,0.229],[5.338,-5.635],[2.702,-5.114],[0,-2.866],[-1.27,-2.638],[-1.693,-1.498],[-2.588,-1.579],[-0.326,-0.163],[-0.554,-0.146],[-0.716,-0.163],[-0.554,-0.212],[-0.163,-0.066],[-0.652,0.098],[-0.456,-0.195],[-0.488,-0.26],[-0.326,-0.13],[-0.619,-0.114],[-0.326,0.13],[-0.326,0.114],[-0.684,-0.13],[-0.261,0],[-0.146,0.163],[0,0.228],[0.148,0.423],[-0.132,0.652],[0,0.424],[0.444,0.391],[0,0],[0.488,0.196],[0.471,0.082],[0.748,0.098],[0.374,0.163],[0,0.293],[-0.326,0.179],[-0.293,0.521],[-1.042,1.026],[-0.195,0.912],[-0.146,0.652],[-0.13,0.359],[-0.098,0.928],[-0.13,1.172],[-0.179,0.912],[0,0],[-0.391,1.791],[-0.326,2.116],[-0.197,2.149],[-0.165,2.165],[0.098,0.359],[0,0],[0.198,0.814],[0.198,0.375],[0.455,0],[0.813,-1.074],[0,0],[0.13,-0.813],[0,-0.977],[0.488,-2.832],[0.878,-4.102],[0.7,-2.864],[0.845,0.456],[1.024,0.57],[1.529,0.749],[1.496,1.189],[1.593,1.823],[0.764,1.628],[0,2.181],[-0.293,1.53],[-0.326,0.359],[-0.244,0.31],[-0.945,1.563],[-0.684,1.189],[-0.423,0.326],[-0.293,0.375],[-0.163,0.195],[-0.781,0.765],[-0.977,0.945],[-0.814,0.652],[-0.586,0.391],[-0.472,0.277],[-1.302,0.423],[-1.042,0.195],[-0.668,0.44],[-0.586,0.786],[-0.488,0.571],[0.52,0.684],[0.407,0.374],[2.148,-0.228],[1.579,-0.31],[0,0],[1.334,-0.327],[1.969,-1.141],[1.79,-0.228],[1.318,-0.13],[0.684,-0.163],[0.537,-0.163],[1.432,-0.423],[1.074,-0.538],[-0.521,-1.399],[-0.586,0.621]],"v":[[44.58,-12.983],[41.113,-11.71],[34.766,-10.242],[32.178,-9.409],[30.371,-8.772],[42.432,-24.897],[46.484,-39.409],[44.58,-47.666],[38.672,-55.094],[32.251,-59.711],[23.193,-64.768],[21.875,-65.233],[19.873,-65.648],[17.969,-66.209],[16.553,-66.918],[16.016,-67.017],[14.453,-66.772],[13.037,-67.456],[11.621,-68.188],[10.205,-68.555],[8.105,-68.726],[7.129,-68.359],[6.152,-68.042],[3.76,-68.481],[3.149,-68.237],[2.93,-67.554],[3.152,-66.576],[3.72,-64.965],[3.226,-63.011],[3.893,-61.79],[5.835,-60.618],[9.839,-58.664],[11.279,-58.248],[12.524,-58.126],[14.209,-57.735],[14.771,-57.15],[14.282,-56.441],[12.769,-56.026],[10.767,-53.706],[9.058,-51.63],[8.545,-49.285],[8.13,-47.673],[7.788,-45.744],[7.446,-42.104],[6.982,-38.979],[6.372,-36.683],[6.958,-34.192],[5.884,-28.329],[5.151,-21.54],[4.61,-15.068],[4.066,-8.645],[4.362,-7.815],[3.77,-5.03],[4.362,-3.247],[5.005,-2.686],[6.908,-4.297],[9.836,-9.229],[11.788,-18.848],[12.276,-21.289],[13.007,-27.002],[15.204,-38.184],[17.57,-48.633],[19.303,-55.371],[22.108,-53.833],[25.401,-52.1],[29.939,-49.194],[34.184,-45.166],[37.72,-39.99],[38.867,-35.303],[38.428,-29.736],[37.012,-26.318],[36.157,-25.317],[35.547,-24.609],[33.105,-20.483],[31.396,-17.529],[30.322,-16.479],[29.492,-15.234],[28.076,-13.794],[24.951,-10.742],[22.266,-8.35],[19.922,-6.836],[18.335,-5.835],[17.139,-5.029],[13.574,-4.053],[11.011,-3.1],[9.277,-1.36],[7.666,0.677],[6.445,2.075],[7.837,3.662],[9.033,4.37],[14.624,3.564],[18.652,2.368],[19.385,1.733],[24.341,-0.468],[31.104,-5.166],[35.767,-5.704],[39.16,-5.997],[40.991,-6.487],[42.383,-6.879],[46.143,-8.321],[48.73,-10.107],[46.875,-14.6]],"c":true},"ix":2},"nm":"D","mn":"ADBE Vector Shape - Group","hd":false}],"nm":"D","np":3,"cix":2,"ix":1,"mn":"ADBE Vector Group","hd":false}]},"fFamily":"Mistral"},{"ch":"J","size":72,"style":"Regular","w":30.18,"data":{"shapes":[{"ty":"gr","it":[{"ind":0,"ty":"sh","ix":1,"ks":{"a":0,"k":{"i":[[0.552,-0.6],[0,-0.455],[-1.595,-0.228],[0,-1.172],[0.13,-1.677],[0.325,-1.953],[0.31,-1.677],[0.261,-1.628],[0.016,-0.375],[0.098,-0.26],[0.261,-0.863],[0.228,-0.619],[0.472,-1.791],[0.62,-2.182],[0.668,-1.466],[0.521,0],[0.375,0.408],[0.359,0.882],[0.212,0.587],[0.293,0.555],[-0.799,0.473],[0,0.587],[0.31,0.909],[0.652,1.462],[0.375,0.812],[0.326,0.391],[0.831,0.325],[1.141,0],[0.326,-1.057],[0,-2.116],[-0.146,-0.813],[-0.325,-1.172],[-0.309,-0.748],[-0.163,-0.293],[-0.602,-1.871],[-1.27,-3.125],[-0.781,-0.471],[-1.074,0],[-0.798,0.195],[-0.88,0.359],[-0.603,0.472],[-0.229,0.554],[-0.359,1.14],[-0.066,0.261],[-0.098,0.847],[-0.391,1.189],[-0.195,0.847],[-0.44,1.335],[-0.261,0.912],[0,0],[-0.326,1.025],[-0.066,0.423],[-0.017,0.472],[-0.066,0.359],[-0.179,0.781],[-0.098,0.586],[-0.114,0.326],[-0.098,0.261],[-0.44,2.849],[0,3.484],[0.394,1.14],[0.757,0],[0.65,-0.259],[0.341,-0.211],[0.195,-0.195],[0.422,-0.487],[0.633,-0.341],[0.325,-0.552]],"o":[[-0.552,0.601],[0,0.521],[1.595,0.228],[0,1.401],[-0.13,1.678],[-0.294,1.662],[-0.31,1.677],[-0.098,0.521],[-0.017,0.375],[-0.327,1.205],[-0.261,0.864],[-0.228,1.498],[-0.473,1.791],[-0.782,2.964],[-0.668,1.466],[-0.391,0],[-0.375,-0.407],[-0.228,-0.49],[-0.212,-0.587],[0,-0.392],[0.798,-0.473],[0,-0.292],[-0.31,-0.909],[-0.489,-1.266],[-0.375,-0.812],[-0.587,-0.584],[-0.831,-0.325],[-0.651,0],[-0.325,1.058],[0,0.456],[0.146,0.814],[0.326,1.302],[0.31,0.749],[-0.032,0.586],[0.602,1.872],[0.358,0.879],[0.781,0.472],[0.717,0],[0.798,-0.195],[1.042,-0.423],[0.603,-0.471],[0.815,-2.018],[0.359,-1.139],[0.098,-0.618],[0.554,-1.563],[0.391,-1.188],[0.619,-1.725],[0.439,-1.334],[0,0],[0.652,-1.595],[0.326,-1.025],[0.13,-0.684],[0.016,-0.471],[0.227,-1.041],[0.179,-0.781],[0.163,-0.391],[0.114,-0.325],[0.88,-2.18],[0.439,-2.848],[0,-2.278],[-0.395,-1.139],[-0.488,0.227],[-0.423,0.195],[-0.341,0.211],[-0.65,0.65],[-0.813,0.259],[-0.633,0.341],[-1.072,0.714]],"v":[[16.307,-61.275],[15.479,-59.692],[17.871,-58.569],[20.264,-56.468],[20.068,-51.852],[19.384,-46.405],[18.479,-41.397],[17.624,-36.439],[17.453,-35.095],[17.282,-34.143],[16.402,-31.041],[15.668,-28.818],[14.618,-23.884],[12.98,-17.924],[10.805,-11.28],[9.021,-9.082],[7.872,-9.694],[6.772,-11.628],[6.112,-13.244],[5.354,-14.957],[6.552,-16.255],[7.75,-17.847],[7.285,-19.65],[5.843,-23.207],[4.548,-26.325],[3.497,-28.129],[1.37,-29.493],[-1.587,-29.98],[-3.052,-28.394],[-3.54,-23.633],[-3.32,-21.729],[-2.612,-18.75],[-1.66,-15.674],[-0.952,-14.111],[-0.098,-10.425],[2.71,-2.93],[4.419,-0.903],[7.202,-0.195],[9.475,-0.488],[11.993,-1.318],[14.461,-2.661],[15.707,-4.199],[17.467,-8.936],[18.102,-11.035],[18.396,-13.232],[19.814,-17.358],[20.693,-20.41],[22.282,-25],[23.333,-28.369],[23.137,-29.443],[24.603,-33.374],[25.19,-35.547],[25.41,-37.28],[25.533,-38.525],[26.143,-41.26],[26.559,-43.311],[26.974,-44.385],[27.292,-45.264],[29.272,-52.808],[29.932,-62.305],[29.34,-67.432],[27.612,-69.141],[25.906,-68.41],[24.761,-67.801],[23.958,-67.193],[22.35,-65.488],[20.181,-64.587],[18.743,-63.248]],"c":true},"ix":2},"nm":"J","mn":"ADBE Vector Shape - Group","hd":false}],"nm":"J","np":3,"cix":2,"ix":1,"mn":"ADBE Vector Group","hd":false}]},"fFamily":"Mistral"},{"ch":"E","size":72,"style":"Regular","w":42.38,"data":{"shapes":[{"ty":"gr","it":[{"ind":0,"ty":"sh","ix":1,"ks":{"a":0,"k":{"i":[[0.537,-0.26],[0.325,-0.098],[0.862,-0.342],[0.879,-0.325],[0.96,-0.195],[0.944,0],[1.09,-0.455],[0.325,-0.065],[0,0],[0.846,0.066],[0.944,-0.065],[1.563,-0.13],[0.098,0.146],[0,0.326],[-0.163,1.237],[-0.293,1.4],[0,0],[-0.195,0.879],[-0.033,0.423],[-1.465,1.237],[-2.734,0.554],[-2.165,0.212],[-2.214,0.228],[0,0],[-0.423,1.009],[0,1.953],[0.276,0.472],[0.325,0.326],[0,0],[0,0],[0,0],[1.253,-0.163],[0.293,-0.098],[0.7,-0.227],[0.684,-0.195],[1.123,-1.074],[0.293,0],[0.163,0.228],[0,0.423],[-0.066,0.293],[-0.098,0.326],[-0.342,1.205],[-0.554,2.344],[-0.586,2.344],[-0.082,0.488],[-0.163,0.326],[-0.652,0.879],[-0.521,0.195],[0,0],[-0.212,0.13],[-0.163,0.261],[-1.66,0.326],[-0.912,-0.732],[-0.716,0],[-0.439,1.091],[0,2.246],[0.618,0.749],[1.302,0.391],[0.325,0],[0.455,0.033],[0.342,0.049],[0.195,0],[0.244,-0.065],[0.325,-0.065],[0.651,-0.13],[0.748,-0.049],[0.748,-0.032],[1.057,-0.83],[1.237,-0.748],[0.423,-0.358],[0.325,-0.26],[0.439,-0.26],[0.195,-0.13],[0.26,-0.439],[0.163,-0.293],[0.325,-0.227],[0.537,-0.879],[0.195,-0.977],[1.204,-5.403],[-0.066,-1.432],[0.391,-1.53],[0.211,-1.855],[0.065,-1.27],[-0.033,-0.195],[-0.163,-0.325],[0.211,-0.52],[0,-0.163],[0.049,-1.139],[0,-0.488],[-0.375,-0.293],[-1.107,0],[0,0],[0,0],[-0.472,-0.228],[-0.945,-0.033],[-0.635,-0.017],[-0.619,0],[0,0],[0,0],[-1.091,0.374],[-0.977,0.359],[-1.123,0.359],[-0.423,0],[-0.603,0.293],[-0.945,0.586],[-0.961,0.423],[-0.684,0.228],[-0.505,0.375],[-0.359,0.326],[0,0]],"o":[[-0.537,0.261],[-0.879,0.326],[-0.863,0.342],[-0.879,0.326],[-0.961,0.195],[-0.879,0],[-1.091,0.456],[0,0],[-0.879,-0.065],[-0.391,-0.032],[-0.945,0.066],[-0.13,0.066],[-0.098,-0.146],[0,-0.977],[0.163,-1.237],[0,0],[0.26,-1.302],[0.195,-0.879],[0.163,-2.018],[1.465,-1.237],[2.246,-0.195],[2.164,-0.211],[0,0],[0.846,0],[0.423,-1.009],[-0.228,-0.553],[-0.277,-0.471],[0,0],[0,0],[0,0],[-2.246,0.228],[-1.254,0.163],[-0.749,0.326],[-0.7,0.228],[-0.554,0.13],[-1.123,1.074],[-0.326,0],[-0.163,-0.227],[0,-0.293],[0.065,-0.293],[0.065,-0.26],[0.342,-1.204],[0.586,-2.18],[0,-0.651],[0.081,-0.488],[0.716,-1.53],[0.651,-0.879],[0,0],[0.163,-0.065],[0.211,-0.13],[1.627,-0.325],[4.004,0],[0.911,0.732],[0.944,0],[0.439,-1.09],[0,-1.041],[-0.619,-0.748],[-0.293,0.033],[-0.326,0],[-0.586,-0.098],[-0.342,-0.049],[-0.195,0],[-0.244,0.066],[-0.488,0.033],[-0.684,0.066],[-0.749,0.049],[-1.595,0.195],[-1.058,0.83],[-0.554,0.488],[-0.423,0.359],[-0.749,0.456],[-0.439,0.261],[-0.359,0.554],[-0.261,0.439],[-0.098,0.13],[-0.749,0.814],[-0.537,0.879],[-1.27,5.469],[0.065,1.498],[-0.261,1.921],[-0.326,2.539],[-0.212,1.855],[0,0.163],[0.032,0.195],[0,0.228],[-0.212,0.521],[-0.098,1.823],[-0.049,1.14],[0,1.074],[0.374,0.293],[0,0],[0,0],[0,0.423],[0.471,0.227],[0.586,0.065],[0.635,0.016],[0,0],[0,0],[1.172,-0.293],[1.09,-0.374],[1.823,-0.716],[1.123,-0.358],[0.227,0],[0.602,-0.293],[1.237,-0.553],[0.96,-0.423],[0.684,-0.423],[0.504,-0.374],[0,0],[-0.716,0.423]],"v":[[39.038,-13.525],[37.744,-12.988],[35.132,-11.987],[32.52,-10.986],[29.761,-10.205],[26.904,-9.912],[23.95,-9.229],[21.826,-8.447],[18.75,-8.203],[16.162,-8.398],[14.16,-8.35],[10.4,-8.057],[10.059,-8.179],[9.912,-8.887],[10.156,-12.207],[10.84,-16.162],[10.498,-17.627],[11.182,-20.898],[11.523,-22.852],[13.965,-27.734],[20.264,-30.42],[26.88,-31.03],[33.447,-31.689],[36.133,-30.615],[38.037,-32.129],[38.672,-36.572],[37.915,-38.11],[37.012,-39.307],[35.645,-39.941],[33.057,-39.453],[31.689,-39.844],[26.44,-39.258],[24.121,-38.867],[21.948,-38.037],[19.873,-37.402],[17.358,-35.596],[15.234,-33.984],[14.502,-34.326],[14.258,-35.303],[14.355,-36.182],[14.6,-37.109],[15.21,-39.307],[16.553,-44.629],[18.311,-51.416],[18.433,-53.125],[18.799,-54.346],[20.85,-57.959],[22.607,-59.57],[24.316,-58.936],[24.878,-59.229],[25.439,-59.814],[30.371,-60.791],[37.744,-59.692],[40.186,-58.594],[42.261,-60.229],[42.92,-65.234],[41.992,-67.92],[39.111,-69.629],[38.184,-69.58],[37.012,-69.629],[35.62,-69.849],[34.814,-69.922],[34.155,-69.824],[33.301,-69.629],[31.592,-69.385],[29.443,-69.214],[27.197,-69.092],[23.218,-67.554],[19.775,-65.186],[18.311,-63.916],[17.188,-62.988],[15.405,-61.914],[14.453,-61.328],[13.525,-59.839],[12.891,-58.74],[12.256,-58.203],[10.327,-55.664],[9.229,-52.881],[5.518,-36.572],[5.713,-32.178],[4.736,-27.002],[3.931,-20.41],[3.516,-15.723],[3.564,-15.186],[3.857,-14.404],[3.54,-13.281],[3.223,-12.256],[3.003,-7.813],[2.93,-5.371],[3.491,-3.32],[5.713,-2.881],[6.006,-2.539],[5.713,-0.684],[6.421,0.293],[8.545,0.684],[10.376,0.806],[12.256,0.83],[14.111,0],[17.139,0.635],[20.532,-0.366],[23.633,-1.465],[28.052,-3.076],[30.371,-3.613],[31.616,-4.053],[33.936,-5.371],[37.231,-6.836],[39.697,-7.813],[41.479,-9.009],[42.773,-10.059],[40.918,-14.551]],"c":true},"ix":2},"nm":"E","mn":"ADBE Vector Shape - Group","hd":false}],"nm":"E","np":3,"cix":2,"ix":1,"mn":"ADBE Vector Group","hd":false}]},"fFamily":"Mistral"},{"ch":"R","size":72,"style":"Regular","w":46.19,"data":{"shapes":[{"ty":"gr","it":[{"ind":0,"ty":"sh","ix":1,"ks":{"a":0,"k":{"i":[[-1.367,0.504],[-3.255,1.595],[-1.042,0.586],[-0.326,0.325],[-0.423,0.293],[-1.27,0.764],[-1.465,1.139],[-0.879,1.09],[-0.098,0.945],[-0.049,0.602],[0,0.326],[0.52,1.123],[1.041,1.172],[1.025,0.781],[1.172,0.586],[0.569,0.261],[0.423,0.195],[0.407,0.13],[0.553,0.195],[0.455,0.211],[0.813,0.391],[0.586,0.114],[0.748,0.066],[0.423,0],[1.09,0.082],[0.553,0],[1.123,-0.471],[1.074,-0.911],[0.537,-1.073],[0,-1.171],[-0.082,-0.813],[0,-0.455],[0.065,-0.829],[0,-0.391],[-0.146,-0.471],[-0.195,-0.651],[0.032,-0.504],[-0.066,-0.585],[0,-0.488],[0,-0.227],[0.098,-2.895],[0,-0.374],[0,-0.325],[0.081,-0.309],[0.227,-0.13],[1.074,-0.683],[0.211,-0.537],[0,-0.716],[-1.286,-1.075],[0,-1.498],[0.081,-0.7],[0.163,-0.879],[0.211,-1.825],[0,-1.662],[-0.652,-0.619],[-1.27,0],[-0.195,0.276],[0,0.554],[-0.439,2.33],[-0.391,1.532],[-0.326,0.456],[-1.107,-0.749],[-1.758,-1.433],[-0.879,-0.619],[-1.205,-0.684],[-0.863,-0.586],[-0.554,-0.488],[-1.14,-0.732],[-1.367,-0.586],[-1.318,-0.62],[-0.163,-0.098],[-0.537,-0.278],[-0.326,0],[0,0],[0,0],[0.358,1.025],[0.651,0.391],[0.879,0.652],[0.716,0.554],[0.928,0.652],[0.846,0.652],[0.879,0.733],[0.553,0.456],[1.286,0.961],[1.204,1.01],[0.928,1.091],[0,0.652]],"o":[[1.367,-0.504],[1.79,-0.879],[1.041,-0.586],[0.227,-0.26],[1.074,-0.325],[1.27,-0.764],[1.66,-1.302],[0.879,-1.089],[0.13,-0.748],[0.049,-0.602],[0,-1.106],[-0.521,-1.122],[-0.912,-0.911],[-1.025,-0.781],[-0.716,-0.325],[-0.57,-0.26],[-0.261,-0.195],[-0.407,-0.13],[-0.195,-0.032],[-0.456,-0.211],[-0.359,-0.13],[-0.586,-0.114],[-1.888,-0.716],[-0.619,0],[-1.091,-0.081],[-1.172,0],[-1.123,0.471],[-1.107,1.041],[-0.537,1.073],[0,0.423],[0.081,0.813],[0,0.359],[-0.066,0.83],[0,0.423],[0.146,0.471],[0,0.423],[-0.033,0.504],[0.065,0.781],[0,0.488],[-0.066,3.123],[0,0.325],[0,0.375],[0,0.554],[-0.082,0.309],[-0.912,0.618],[-0.423,0.326],[-0.212,0.537],[0,0.456],[1.286,1.076],[0,0.587],[-0.082,0.7],[-0.488,2.02],[-0.212,1.825],[0,1.239],[0.651,0.619],[0.391,0],[0.195,-0.278],[0.52,-3.096],[0.439,-2.33],[0.032,-0.488],[0.423,0],[1.106,0.749],[0.52,0.424],[0.879,0.62],[1.172,0.684],[0.862,0.587],[0.944,0.815],[1.139,0.733],[2.473,1.14],[1.318,0.619],[0.813,0.521],[0.537,0.276],[0,0],[0,0],[-0.066,-1.629],[-0.359,-1.025],[-1.14,-0.749],[-0.879,-0.652],[-1.074,-0.652],[-0.928,-0.652],[-1.172,-0.977],[-0.879,-0.732],[-1.27,-0.977],[-1.286,-0.961],[-1.855,-1.596],[-0.928,-1.091],[0,-0.586]],"v":[[18.994,-29.045],[25.928,-32.193],[30.176,-34.389],[32.227,-35.756],[33.203,-36.586],[36.719,-38.221],[40.82,-41.076],[44.629,-44.663],[46.094,-47.714],[46.362,-49.739],[46.436,-51.131],[45.654,-54.474],[43.311,-57.915],[40.405,-60.452],[37.109,-62.502],[35.181,-63.381],[33.691,-64.064],[32.69,-64.552],[31.25,-65.041],[30.273,-65.406],[28.369,-66.309],[26.953,-66.676],[24.951,-66.944],[21.484,-68.018],[18.921,-68.14],[16.455,-68.262],[13.013,-67.554],[9.717,-65.48],[7.251,-62.308],[6.445,-58.941],[6.567,-57.086],[6.689,-55.183],[6.592,-53.402],[6.494,-51.572],[6.714,-50.23],[7.227,-48.546],[7.178,-47.155],[7.227,-45.521],[7.324,-43.616],[7.324,-42.544],[7.08,-33.515],[7.08,-32.466],[7.08,-31.417],[6.958,-30.123],[6.494,-29.465],[3.516,-27.513],[2.563,-26.219],[2.246,-24.341],[4.175,-22.044],[6.104,-18.182],[5.981,-16.251],[5.615,-13.882],[4.565,-8.114],[4.248,-2.885],[5.225,-0.098],[8.105,0.83],[8.984,0.415],[9.277,-0.832],[10.718,-8.971],[11.963,-14.763],[12.5,-16.179],[14.795,-15.055],[19.092,-11.782],[21.191,-10.218],[24.316,-8.263],[27.368,-6.358],[29.492,-4.745],[32.617,-2.423],[36.377,-0.444],[42.065,2.195],[44.287,3.27],[46.313,4.468],[47.607,4.883],[48.096,4.639],[48.535,3.368],[47.9,-0.613],[46.387,-2.738],[43.359,-4.839],[40.967,-6.647],[37.964,-8.601],[35.303,-10.555],[32.227,-13.12],[30.078,-14.903],[26.245,-17.81],[22.51,-20.766],[18.335,-24.796],[16.943,-27.41]],"c":true},"ix":2},"nm":"R","mn":"ADBE Vector Shape - Group","hd":false},{"ind":1,"ty":"sh","ix":2,"ks":{"a":0,"k":{"i":[[0.163,0.57],[0,1.106],[-1.058,0.732],[-2.084,0],[-1.953,-0.439],[-2.377,-0.943],[-1.4,-1.171],[0,-1.203],[0.618,-0.943],[1.27,-0.976],[1.888,-1.203],[0,0],[0.293,-0.114],[0.26,-0.065],[6.477,-3.252],[0.114,0.13],[0,0.293],[-0.13,0.423],[-0.098,0.797],[-0.749,3.156],[-0.163,0.813],[0,0.228],[0.569,0.862],[0.391,0],[0.553,-0.439],[0.618,-0.455]],"o":[[-0.163,-0.569],[0,-1.431],[1.057,-0.732],[1.595,0],[1.953,0.439],[2.799,1.074],[1.399,1.171],[0,0.944],[-0.619,0.943],[-2.019,1.366],[0,0],[-0.261,0.13],[-0.293,0.114],[-0.228,0.13],[-0.195,0],[-0.114,-0.13],[0.13,-0.683],[0.325,-1.691],[0.098,-0.797],[0.358,-1.398],[0.163,-0.813],[0,-0.423],[-0.57,-0.862],[-0.879,0],[-0.554,0.439],[-0.293,0.066]],"v":[[11.133,-51.688],[10.889,-54.202],[12.476,-57.447],[17.188,-58.545],[22.51,-57.886],[29.004,-55.813],[35.303,-52.445],[37.402,-48.884],[36.475,-46.053],[33.643,-43.175],[27.783,-39.32],[27.051,-38.393],[26.221,-38.027],[25.391,-37.759],[15.332,-32.684],[14.868,-32.88],[14.697,-33.514],[15.088,-35.173],[15.723,-38.905],[16.992,-44.834],[17.773,-48.151],[18.018,-49.713],[17.163,-51.64],[15.723,-52.934],[13.574,-52.274],[11.816,-50.932]],"c":true},"ix":2},"nm":"R","mn":"ADBE Vector Shape - Group","hd":false}],"nm":"R","np":5,"cix":2,"ix":1,"mn":"ADBE Vector Group","hd":false}]},"fFamily":"Mistral"},{"ch":"B","size":72,"style":"Regular","w":45.7,"data":{"shapes":[{"ty":"gr","it":[{"ind":0,"ty":"sh","ix":1,"ks":{"a":0,"k":{"i":[[0.211,-0.179],[0,-0.293],[-0.195,-0.277],[-0.326,-0.195],[-0.31,-0.146],[-0.359,-0.195],[0,0],[-0.261,-0.228],[-0.359,-0.439],[-0.619,0],[-0.423,0.211],[-0.228,0.358],[-0.212,0.455],[-0.163,0.455],[-5.225,2.606],[0,2.899],[1.35,1.515],[2.799,1.043],[0.342,0.195],[0.227,0.066],[2.083,0.749],[1.66,0.587],[0.553,0.505],[0,0.652],[-1.074,0.781],[-2.084,1.138],[-2.67,1.595],[-0.391,0.358],[-0.293,0.195],[-1.416,1.057],[-0.163,0.098],[-0.732,1.546],[0,1.724],[0.26,0.83],[0.455,0.845],[0.7,0.471],[0.846,0],[0.455,0.098],[0.635,0.293],[0.944,0],[0.358,-0.065],[0.944,0.179],[0.195,0],[0.651,-0.098],[0.488,0.082],[0.163,0],[1.66,-0.211],[1.823,-0.455],[1.579,-0.455],[2.995,-0.846],[0.342,-0.26],[0,-0.163],[0.309,-0.391],[0.553,-0.423],[0.065,-0.488],[0,-0.651],[-0.179,-0.098],[-0.391,0],[-2.344,0.765],[-1.205,0],[-0.212,-0.163],[0,-0.26],[0.26,-0.374],[0.52,-0.488],[0.455,-0.536],[0.293,-0.455],[0.26,-0.943],[0,-1.138],[-0.066,-0.276],[-0.13,-0.423],[0.26,-1.886],[0.227,-1.593],[0.911,-0.667],[0,-0.455],[-1.579,-0.488],[0,-1.792],[0.016,-0.277],[0,-0.359],[0,0],[0,0],[0.163,-1.759],[0,-3.127],[-0.017,-0.423],[0,-1.531],[0.293,-0.391],[0.651,-0.423],[0.537,-0.439],[0.293,-0.26]],"o":[[-0.212,0.179],[0,0.325],[0.195,0.276],[0.325,0.163],[0.309,0.146],[0,0],[0.163,-0.033],[0.13,0.944],[0.358,0.439],[0.553,0],[0.423,-0.212],[0.163,-0.423],[0.211,-0.456],[10.416,-2.345],[5.225,-2.606],[0,-1.987],[-1.351,-1.514],[-0.423,-0.227],[-0.342,-0.195],[-2.377,-1.042],[-2.084,-0.749],[-1.14,-0.391],[-0.554,-0.505],[0,-0.325],[1.074,-0.78],[2.473,-1.463],[0.553,-0.391],[0.391,-0.358],[2.702,-1.887],[1.416,-1.057],[1.465,-1.334],[0.732,-1.545],[0,-0.878],[-0.261,-0.829],[-0.521,-0.878],[-0.7,-0.471],[-0.423,0],[-0.359,-0.52],[-0.635,-0.293],[-0.423,0.098],[-1.693,-0.325],[-0.945,-0.179],[-0.716,0.13],[-0.163,0.066],[-0.488,-0.081],[-1.433,0],[-1.66,0.212],[-0.228,0.066],[-1.579,0.456],[-0.749,0.195],[-0.342,0.261],[0,0.391],[-0.31,0.391],[-0.098,0.195],[-0.066,0.488],[0,0.228],[0.179,0.098],[1.172,0],[2.344,-0.764],[0.391,0],[0.211,0.163],[0,0.228],[-0.261,0.374],[-0.652,0.651],[-0.456,0.537],[-0.456,0.846],[-0.261,0.943],[0,0.227],[0.065,0.277],[-0.359,2.277],[-0.261,1.887],[-1.758,0.944],[-0.912,0.667],[0,1.499],[1.579,0.488],[0,0.195],[-0.017,0.277],[0,0],[0,0],[-0.261,0.424],[-0.163,1.759],[0,0.229],[0.016,0.423],[0,0.424],[-0.293,0.391],[-0.847,0.619],[-0.537,0.439],[-0.423,0.261]],"v":[[0.366,0.22],[0.049,0.928],[0.342,1.831],[1.123,2.539],[2.075,3.003],[3.076,3.516],[5.859,2.783],[6.494,3.076],[7.227,5.151],[8.691,5.811],[10.156,5.493],[11.133,4.639],[11.694,3.32],[12.256,1.953],[35.718,-5.474],[43.555,-13.732],[41.528,-18.985],[35.303,-22.821],[34.155,-23.456],[33.301,-23.847],[26.611,-26.534],[20.996,-28.538],[18.457,-29.881],[17.627,-31.616],[19.238,-33.276],[23.975,-36.154],[31.689,-40.741],[33.105,-41.863],[34.131,-42.693],[40.308,-47.108],[42.676,-48.841],[45.972,-53.159],[47.07,-58.064],[46.68,-60.625],[45.605,-63.138],[43.774,-65.163],[41.455,-65.871],[40.137,-66.017],[38.647,-67.237],[36.279,-67.677],[35.107,-67.432],[31.152,-68.188],[29.443,-68.457],[27.393,-68.115],[26.416,-68.14],[25.439,-68.262],[20.801,-67.944],[15.576,-66.943],[12.866,-66.162],[6.006,-64.209],[4.37,-63.525],[3.857,-62.891],[3.394,-61.719],[2.1,-60.498],[1.855,-59.473],[1.758,-57.764],[2.026,-57.275],[2.881,-57.129],[8.154,-58.276],[13.477,-59.424],[14.38,-59.18],[14.697,-58.546],[14.307,-57.643],[13.135,-56.35],[11.475,-54.569],[10.352,-53.082],[9.277,-50.397],[8.887,-47.276],[8.984,-46.519],[9.277,-45.47],[8.35,-39.226],[7.617,-34.006],[3.613,-31.59],[2.246,-29.907],[4.614,-26.926],[6.982,-23.505],[6.958,-22.796],[6.934,-21.843],[7.227,-21.501],[7.324,-20.035],[6.689,-16.76],[6.445,-9.43],[6.47,-8.452],[6.494,-5.52],[6.055,-4.298],[4.639,-3.076],[2.563,-1.489],[1.318,-0.439]],"c":true},"ix":2},"nm":"B","mn":"ADBE Vector Shape - Group","hd":false},{"ind":1,"ty":"sh","ix":2,"ks":{"a":0,"k":{"i":[[-0.375,-0.195],[-0.716,-0.325],[-0.375,-0.114],[-0.293,-0.098],[-1.855,-0.798],[-1.53,-0.977],[-0.293,-0.326],[0,-0.358],[1.074,-0.798],[2.148,-0.912],[0.211,-0.212],[1.106,0],[1.302,-0.359],[0,0],[0,0],[-0.195,0.815],[-0.13,1.646],[-0.13,1.63],[-0.375,0.896],[-0.521,0]],"o":[[0.374,0.195],[0.455,0.131],[0.374,0.114],[2.213,0.652],[1.855,0.798],[0.586,0.359],[0.293,0.327],[0,0.587],[-1.074,0.799],[-5.046,2.249],[-0.212,0.212],[-1.595,0.391],[0,0],[0,0],[0.13,-0.912],[0.13,-1.629],[0.13,-1.646],[0.227,-1.759],[0.374,-0.896],[0.163,0]],"v":[[17.114,-23.309],[18.75,-22.527],[19.995,-22.16],[20.996,-21.843],[27.1,-19.667],[32.178,-17.004],[33.496,-15.977],[33.936,-14.951],[32.324,-12.874],[27.49,-10.308],[19.604,-6.617],[17.627,-6.3],[13.281,-5.176],[12.891,-5.371],[12.793,-5.86],[13.281,-8.45],[13.672,-13.362],[14.063,-18.275],[14.966,-22.258],[16.309,-23.602]],"c":true},"ix":2},"nm":"B","mn":"ADBE Vector Shape - Group","hd":false},{"ind":2,"ty":"sh","ix":3,"ks":{"a":0,"k":{"i":[[-0.619,-0.163],[-1.074,-0.293],[-0.83,-0.26],[-0.326,-0.13],[-0.488,-0.618],[0,-0.78],[0.26,-0.536],[0.553,-0.683],[0.407,-0.504],[0.423,-0.52],[1.253,-0.829],[2.376,-1.561],[1.221,-0.716],[0.325,0],[0.195,0.195],[0,0.488],[-0.163,0.976],[-0.391,1.627],[0,0],[-0.359,0.845],[-0.049,0.879],[-0.13,0.716],[-0.277,0.748],[-0.261,0.26],[-0.765,0.179],[-1.237,0]],"o":[[0.618,0.163],[1.302,0.261],[0.83,0.26],[0.977,0.456],[0.488,0.618],[0,0.423],[-0.261,0.537],[-0.391,0.488],[-0.407,0.504],[-0.195,0.098],[-1.254,0.829],[-2.148,1.431],[-1.221,0.716],[-0.359,0],[-0.195,-0.195],[0,-0.325],[0.163,-0.976],[0,0],[0.391,-0.585],[-0.033,-1.041],[0.049,-0.878],[0.325,-1.301],[0.276,-0.748],[0.325,-0.391],[0.764,-0.179],[0.163,0]],"v":[[26.953,-59.961],[29.492,-59.278],[32.69,-58.497],[34.424,-57.912],[36.621,-56.302],[37.354,-54.205],[36.963,-52.765],[35.742,-50.935],[34.546,-49.448],[33.301,-47.911],[31.128,-46.52],[25.684,-42.934],[20.63,-39.715],[18.311,-38.641],[17.48,-38.934],[17.188,-39.959],[17.432,-41.91],[18.262,-45.813],[18.018,-47.082],[19.141,-49.228],[19.165,-52.106],[19.434,-54.497],[20.337,-57.571],[21.143,-59.083],[22.778,-59.937],[25.781,-60.205]],"c":true},"ix":2},"nm":"B","mn":"ADBE Vector Shape - Group","hd":false}],"nm":"B","np":6,"cix":2,"ix":1,"mn":"ADBE Vector Group","hd":false}]},"fFamily":"Mistral"},{"ch":"A","size":72,"style":"Regular","w":44.09,"data":{"shapes":[{"ty":"gr","it":[{"ind":0,"ty":"sh","ix":1,"ks":{"a":0,"k":{"i":[[0.066,-0.276],[0,-0.227],[-0.163,-0.26],[-0.359,-0.032],[0,0],[0,0],[0.293,-0.813],[0.196,-0.586],[0.098,-0.227],[0.327,-1.074],[0.456,-1.725],[0.196,-1.09],[0,-0.847],[-0.309,-0.375],[-0.553,0],[-0.488,0.244],[-0.261,0.521],[-0.277,0.7],[-0.163,0.456],[-0.082,0.571],[0,0.391],[-0.261,0.635],[-0.195,0.423],[-0.228,0.749],[-0.13,0.359],[-0.375,0.912],[-0.098,0.522],[-0.261,0.293],[-0.391,0],[-0.733,0.244],[-0.88,0.423],[-1.141,0.407],[-0.749,0.163],[-0.587,0.293],[-0.831,0.146],[-0.391,0.13],[-0.375,0.146],[-0.196,0],[0,0],[0,0],[0,0],[0.032,-0.635],[0.098,-0.619],[-0.163,-0.553],[0.179,-2.003],[0,-0.912],[-0.066,-0.391],[0,-0.227],[0.114,-0.619],[0,-0.325],[-0.212,-0.375],[-0.424,0],[-0.584,0.537],[-0.357,1.14],[-0.211,0.88],[-0.195,0.88],[0.162,0.554],[-0.163,0.587],[-0.325,0.88],[-0.098,0.912],[0,0.587],[0,0],[0,0],[-0.243,0.195],[-0.423,0.261],[-0.179,0.342],[0,0.587],[0.276,0.261],[0.552,0.033],[0.081,0.146],[0,0.195],[-0.195,1.92],[0.324,1.822],[-0.227,1.399],[0.114,0.862],[0.195,1.302],[0.259,0.895],[0.324,0.13],[0,0],[0.146,0.212],[0,0.325],[-0.748,1.366],[0,0.716],[0.39,0.358],[0.877,0],[0.488,-0.26],[0.684,-0.553],[0.505,-0.342],[0.228,-0.065],[0.407,-0.846],[0.488,-0.065],[0,0],[0,0],[0,0],[0,0],[0.668,-0.862],[1.042,-2.766],[0.326,-0.879],[0.326,-1.204],[0.652,-2.051],[0.13,-0.195],[0.293,-0.586],[0.098,-0.455],[0.375,-0.407],[0.619,-0.293],[0.537,-0.26],[0.13,-0.13],[0.262,-0.764],[0,-1.074],[-0.016,-0.227],[-0.098,-0.358]],"o":[[-0.065,0.277],[0,0.423],[0.163,0.261],[0,0],[0,0],[-0.261,1.042],[-0.26,0.847],[-0.195,0.586],[-0.032,0.521],[-0.325,1.074],[-0.423,1.302],[-0.195,1.09],[0,0.781],[0.31,0.374],[0.781,0],[0.488,-0.244],[0.423,-0.847],[0.277,-0.701],[0.163,-0.748],[0.081,-0.57],[0.326,-0.847],[0.261,-0.635],[0.293,-1.107],[0.228,-0.749],[0.619,-1.368],[0.375,-0.912],[0.163,-0.554],[0.261,-0.293],[0.488,0],[0.733,-0.244],[1.498,-0.586],[1.14,-0.407],[0.521,-0.227],[1.368,-0.032],[0.831,-0.146],[0.554,-0.326],[0.375,-0.146],[0,0],[0,0],[0,0],[0.065,0.554],[-0.033,0.635],[0.163,0.587],[0,1.01],[-0.179,2.003],[0,0.293],[0.065,0.391],[0,0.327],[-0.114,0.619],[0,0.749],[0.211,0.374],[0.779,0],[0.584,-0.538],[0.195,-0.847],[0.211,-0.879],[-0.13,-0.619],[0,-0.195],[0.162,-0.586],[0.194,-1.205],[0.098,-0.912],[0,0],[0,0],[0.098,-0.13],[0.243,-0.195],[0.324,-0.195],[0.179,-0.342],[0,-0.455],[-0.276,-0.26],[-0.163,-0.032],[-0.082,-0.146],[0.227,-1.984],[-0.39,-2.016],[0.227,-1.431],[0,-0.52],[-0.114,-0.862],[-0.163,-1.561],[-0.26,-0.894],[0,0],[-0.195,-0.065],[-0.146,-0.211],[0,-0.716],[0.747,-1.366],[0,-0.585],[-0.39,-0.358],[-0.261,0],[-0.489,0.261],[-0.782,0.619],[-0.505,0.342],[-1.01,1.009],[-0.407,0.847],[0,0],[0,0],[0,0],[0,0],[-0.326,0.554],[-0.668,0.863],[-0.228,0.619],[-0.326,0.879],[-1.173,3.972],[-0.652,2.051],[-0.391,0.684],[-0.293,0.586],[-0.033,0.586],[-0.375,0.407],[-0.88,0.359],[-0.538,0.261],[-0.521,0.521],[-0.26,0.765],[0,0.163],[0.017,0.228],[-0.13,0.391]],"v":[[-1.707,-18.042],[-1.805,-17.285],[-1.561,-16.26],[-0.779,-15.82],[0.785,-16.064],[1.029,-15.674],[0.198,-12.891],[-0.486,-10.742],[-0.925,-9.521],[-1.463,-7.129],[-2.636,-2.93],[-3.564,0.659],[-3.857,3.564],[-3.394,5.298],[-2.1,5.859],[-0.195,5.493],[0.928,4.345],[1.978,2.025],[2.638,0.29],[3.004,-1.688],[3.127,-3.13],[4.006,-5.352],[4.691,-6.94],[5.472,-9.724],[6.01,-11.385],[7.5,-14.805],[8.209,-16.955],[8.844,-18.225],[9.821,-18.665],[11.654,-19.031],[14.073,-20.033],[18.031,-21.523],[20.866,-22.378],[22.527,-23.159],[25.826,-23.428],[27.658,-23.843],[29.05,-24.551],[29.906,-24.771],[30.248,-24.625],[30.884,-20.081],[30.151,-18.762],[30.199,-16.978],[30.004,-15.098],[30.492,-13.388],[30.224,-8.868],[29.955,-4.496],[30.053,-3.47],[30.151,-2.542],[29.98,-1.125],[29.809,0.291],[30.126,1.978],[31.079,2.539],[33.124,1.733],[34.536,-0.784],[35.145,-3.374],[35.754,-6.012],[35.315,-7.771],[35.558,-8.944],[36.289,-11.143],[36.726,-14.319],[36.873,-16.567],[37.749,-23.506],[37.116,-26.536],[37.627,-27.024],[38.626,-27.708],[39.381,-28.514],[39.648,-29.907],[39.234,-30.981],[37.992,-31.42],[37.627,-31.688],[37.505,-32.201],[38.138,-38.057],[37.067,-43.815],[37.749,-48.061],[37.578,-50.134],[37.115,-53.38],[36.481,-57.064],[35.605,-58.601],[29.758,-61.773],[29.247,-62.188],[29.028,-62.993],[30.148,-66.116],[31.269,-69.24],[30.684,-70.654],[28.784,-71.191],[27.66,-70.801],[25.901,-69.58],[23.971,-68.14],[22.871,-67.529],[20.746,-64.746],[19.402,-63.379],[16.959,-62.891],[15.054,-60.693],[16.568,-58.301],[16.568,-58.057],[15.078,-55.933],[12.512,-50.488],[11.681,-48.242],[10.704,-45.117],[7.968,-36.084],[6.795,-32.715],[5.769,-30.811],[5.183,-29.248],[4.572,-27.759],[3.082,-26.709],[0.956,-25.781],[-0.046,-25.195],[-1.219,-23.267],[-1.61,-20.508],[-1.585,-19.922],[-1.414,-19.043]],"c":true},"ix":2},"nm":"A","mn":"ADBE Vector Shape - Group","hd":false},{"ind":1,"ty":"sh","ix":2,"ks":{"a":0,"k":{"i":[[0.732,-0.066],[0.325,0],[0.114,0.114],[0,0.23],[-0.017,0.163],[-0.163,0.23],[-0.749,1.839],[-0.13,1.237],[-0.439,0.814],[-0.098,0.261],[-0.684,1.042],[-0.652,0],[-0.521,-0.293],[-0.456,-0.618],[-0.342,-0.504],[-0.326,-0.553],[-0.163,-0.293],[-0.066,-0.13],[-0.082,-0.635],[-0.13,-0.716],[0,0],[0,0],[0.081,-0.764],[0,-0.618],[-0.066,-0.977],[0.163,-0.179],[0.326,-0.065],[0.781,-0.212],[0.814,-0.163],[0.455,0.098],[1.465,-0.36],[0.748,0]],"o":[[-0.732,0.066],[-0.228,0],[-0.114,-0.114],[0,-0.196],[0.016,-0.163],[1.334,-2.475],[0.748,-1.839],[0.813,-1.302],[0.439,-0.813],[0.586,-2.116],[0.684,-1.041],[0.554,0],[0.521,0.293],[0.326,0.521],[0.342,0.505],[0.195,0.326],[0.163,0.293],[-0.066,0.423],[0.081,0.635],[0,0],[0,0],[-0.163,0.814],[-0.082,0.765],[0,0.359],[0,0.293],[-0.163,0.179],[-0.815,0.164],[-0.782,0.213],[-0.456,-0.066],[-0.749,0],[-1.465,0.36],[-0.326,0]],"v":[[14.742,-27.943],[13.155,-27.846],[12.642,-28.017],[12.471,-28.533],[12.495,-29.073],[12.764,-29.662],[15.889,-36.134],[17.207,-40.748],[19.087,-43.922],[19.893,-45.533],[21.797,-50.269],[23.799,-51.832],[25.411,-51.392],[26.877,-50.025],[27.879,-48.487],[28.88,-46.9],[29.417,-45.972],[29.76,-45.338],[29.784,-43.751],[30.102,-41.724],[29.906,-39.722],[30.492,-37.525],[30.126,-35.157],[30.004,-33.082],[30.102,-31.08],[29.858,-30.372],[29.124,-30.006],[26.73,-29.441],[24.336,-28.876],[22.969,-29.122],[19.649,-28.582],[16.328,-28.042]],"c":true},"ix":2},"nm":"A","mn":"ADBE Vector Shape - Group","hd":false}],"nm":"A","np":5,"cix":2,"ix":1,"mn":"ADBE Vector Group","hd":false}]},"fFamily":"Mistral"},{"ch":" ","size":72,"style":"Regular","w":25,"data":{},"fFamily":"Mistral"},{"ch":"L","size":72,"style":"Regular","w":31.35,"data":{"shapes":[{"ty":"gr","it":[{"ind":0,"ty":"sh","ix":1,"ks":{"a":0,"k":{"i":[[0.325,-0.276],[0.423,-0.26],[0.391,-0.455],[0.244,-0.098],[0.26,-0.032],[2.1,-0.455],[2.051,0],[0.227,0.586],[0,1.074],[-0.375,2.328],[-0.749,3.548],[-0.082,0.652],[-0.066,0.488],[-0.212,0.749],[-0.359,1.367],[-0.163,0.732],[0,0.456],[-0.7,2.068],[0,1.367],[-0.146,1.025],[-0.228,1.53],[-0.195,0.391],[-0.066,0.652],[-0.033,0.781],[-0.114,0.488],[-0.13,0.684],[-0.049,0.505],[0,0.391],[0.407,0.603],[0.879,0],[0.455,-0.114],[0.586,-0.227],[0.488,-0.407],[0.26,-0.52],[0.227,-0.569],[0.293,-0.65],[0.423,-1.041],[0.195,-0.716],[0.244,-1.106],[0.227,-1.073],[0.227,-0.96],[0.26,-0.943],[0.13,-0.976],[0,-0.78],[-0.472,-0.276],[0,-0.619],[0.635,-3.241],[0,-0.912],[-0.066,-0.407],[0,-0.227],[0.813,-3.127],[0,-1.433],[-0.179,-1.075],[-0.391,-0.227],[-0.554,-0.326],[-0.277,-0.195],[-0.293,-0.196],[-0.326,-0.049],[-0.488,0],[-0.7,0.049],[-0.716,0.195],[-1.091,0.146],[-0.945,0.456],[-1.042,0.439],[-1.172,0.456],[-0.619,0.423],[-0.391,0.586],[-0.359,0.652],[-0.423,0.586],[1.302,2.832]],"o":[[-0.326,0.277],[-0.195,0.391],[-0.261,0.098],[-0.244,0.098],[-2.279,0.879],[-2.1,0.456],[-0.456,0],[-0.228,-0.586],[0,-1.172],[0.374,-2.327],[0.163,-0.879],[0.081,-0.651],[0.065,-0.163],[0.211,-0.748],[0.325,-1.009],[0.163,-0.732],[0,-1.074],[0.7,-2.067],[0,-0.423],[0.146,-1.025],[0.325,-0.553],[0.098,-0.553],[0.065,-0.651],[0.065,-0.293],[0.114,-0.488],[0.195,-0.651],[0.049,-0.504],[0,-1.237],[-0.407,-0.602],[-0.163,0],[-0.456,0.114],[-0.716,0.326],[-0.488,0.407],[-0.261,0.651],[-0.228,0.569],[-0.586,1.334],[-0.423,1.041],[-0.163,1.041],[-0.244,1.106],[-0.228,0.911],[-0.228,0.96],[-0.326,1.171],[-0.13,0.976],[0,0.554],[0.471,0.277],[0,1.271],[-0.635,3.241],[0,0.261],[0.065,0.407],[0,1.042],[-0.814,3.127],[0,2.052],[0.179,1.075],[0.293,0.163],[0.26,0.163],[0.276,0.195],[0.227,0.13],[0.325,0.049],[0.586,0],[0.7,-0.049],[1.009,-0.13],[1.09,-0.146],[0.846,-0.423],[1.041,-0.439],[0.813,-0.293],[0.618,-0.423],[0.423,-0.684],[0.358,-0.651],[0,-0.163],[-0.228,0.293]],"v":[[28.809,-13.696],[27.686,-12.891],[26.807,-11.621],[26.05,-11.328],[25.293,-11.133],[18.726,-9.131],[12.5,-8.447],[11.475,-9.326],[11.133,-11.816],[11.694,-17.065],[13.379,-25.879],[13.745,-28.174],[13.965,-29.883],[14.38,-31.25],[15.234,-34.424],[15.967,-37.036],[16.211,-38.818],[17.261,-43.53],[18.311,-48.682],[18.53,-50.854],[19.092,-54.688],[19.873,-56.104],[20.117,-57.91],[20.264,-60.059],[20.532,-61.23],[20.898,-62.988],[21.265,-64.722],[21.338,-66.064],[20.728,-68.823],[18.799,-69.727],[17.871,-69.556],[16.309,-69.044],[14.502,-67.945],[13.379,-66.555],[12.646,-64.725],[11.865,-62.896],[10.352,-59.334],[9.424,-56.699],[8.813,-53.479],[8.105,-50.211],[7.422,-47.405],[6.689,-44.551],[6.006,-41.331],[5.811,-38.696],[6.519,-37.45],[7.227,-36.107],[6.274,-29.34],[5.322,-23.11],[5.42,-22.108],[5.518,-21.156],[4.297,-14.902],[3.076,-8.062],[3.345,-3.371],[4.199,-1.418],[5.469,-0.684],[6.274,-0.147],[7.129,0.439],[7.959,0.708],[9.18,0.781],[11.108,0.708],[13.232,0.342],[16.382,-0.073],[19.434,-0.977],[22.266,-2.271],[25.586,-3.613],[27.734,-4.688],[29.248,-6.201],[30.42,-8.203],[31.592,-10.059],[29.639,-14.551]],"c":true},"ix":2},"nm":"L","mn":"ADBE Vector Shape - Group","hd":false}],"nm":"L","np":3,"cix":2,"ix":1,"mn":"ADBE Vector Group","hd":false}]},"fFamily":"Mistral"},{"ch":"’","size":72,"style":"Regular","w":20.75,"data":{"shapes":[{"ty":"gr","it":[{"ind":0,"ty":"sh","ix":1,"ks":{"a":0,"k":{"i":[[0,0],[-1.205,1.986],[-1.237,4.004],[-0.228,0.439],[-0.326,0.586],[-0.163,0.439],[-0.066,0.359],[0.227,0.863],[0.26,0.391],[0.748,0.391],[1.074,0],[0.553,-0.797],[0,-1.563],[-0.114,-0.667],[0,-0.26],[1.416,-4.069],[0,-0.488],[-0.212,-0.13],[-0.359,0]],"o":[[1.302,0.066],[1.204,-1.985],[0.032,-0.293],[0.227,-0.439],[0.325,-0.586],[0.163,-0.439],[-0.326,-1.399],[-0.228,-0.862],[-0.456,-0.748],[-0.749,-0.391],[-1.074,0],[-0.554,0.798],[0,0.326],[0.114,0.668],[0,2.279],[-1.416,4.07],[0,0.293],[0.211,0.13],[0,0]],"v":[[10.498,-43.311],[14.258,-46.191],[17.92,-55.176],[18.311,-56.274],[19.141,-57.813],[19.873,-59.351],[20.215,-60.547],[19.385,-63.94],[18.652,-65.82],[16.846,-67.529],[14.111,-68.115],[11.67,-66.919],[10.84,-63.379],[11.011,-61.89],[11.182,-60.498],[9.058,-50.977],[6.934,-44.141],[7.251,-43.506],[8.105,-43.311]],"c":true},"ix":2},"nm":"’","mn":"ADBE Vector Shape - Group","hd":false}],"nm":"’","np":3,"cix":2,"ix":1,"mn":"ADBE Vector Group","hd":false}]},"fFamily":"Mistral"},{"ch":"I","size":72,"style":"Regular","w":21.14,"data":{"shapes":[{"ty":"gr","it":[{"ind":0,"ty":"sh","ix":1,"ks":{"a":0,"k":{"i":[[0,-0.455],[-0.066,0.326],[-0.261,-0.977],[0.13,-0.423],[0,-0.195],[-0.13,-0.423],[-0.228,-0.52],[-0.31,-0.276],[-0.391,0],[-1.465,1.091],[0,0.554],[0.227,0.879],[0.081,1.025],[0,1.66],[-0.098,0.635],[-0.13,0.781],[-0.082,0.586],[0.065,0.359],[0.049,0.326],[0,0.359],[-0.146,1.189],[-0.195,1.335],[-0.195,1.14],[-0.163,1.172],[-0.472,2.295],[-0.488,1.921],[-0.228,1.254],[-0.098,0.912],[-0.261,1.546],[0,0.261],[0.26,0.359],[0.455,0],[0.651,-0.244],[0.911,-0.488],[0.911,-0.684],[0.488,-1.106],[0.293,-1.172],[0.293,-1.172],[0.114,-0.293],[0.098,-0.163],[0.244,-0.879],[0.065,-1.172],[0.049,-0.928],[0.065,-0.911],[0,0],[0,0],[-0.082,-0.651],[-0.066,-0.553],[0.211,-1.35],[0.293,-2.473],[0.163,-1.595],[0,-0.684],[-0.066,-0.553],[0.146,-1.253],[0,-1.823]],"o":[[0,0.456],[0.325,0.652],[0,0.195],[-0.13,0.423],[0,0.359],[0.13,0.423],[0.325,0.554],[0.309,0.276],[0.651,0],[1.465,-1.09],[-0.228,-1.009],[-0.098,-0.325],[-0.082,-1.025],[0,-0.325],[0.098,-0.635],[0.098,-0.813],[0.081,-0.586],[0,-0.293],[-0.049,-0.325],[0,-0.944],[0.146,-1.188],[0.163,-1.172],[0.195,-1.139],[0.391,-2.766],[0.471,-2.295],[0.391,-1.725],[0.227,-1.253],[0.553,-2.734],[0.26,-1.546],[0,-0.651],[-0.261,-0.358],[-0.391,0],[-0.652,0.244],[-1.302,0.195],[-0.912,0.684],[-0.326,1.107],[-0.293,1.172],[-0.195,0.326],[-0.114,0.293],[-0.261,0.652],[-0.244,0.879],[-0.163,0.945],[-0.049,0.928],[0,0],[0,0],[0.195,0.781],[0.081,0.652],[-0.098,0.293],[-0.212,1.351],[-0.326,2.572],[-0.163,1.595],[0.098,0.586],[-0.195,0.716],[-0.146,1.254],[0,1.27]],"v":[[4.883,-8.252],[4.98,-8.057],[5.859,-5.615],[5.664,-4.688],[5.469,-3.76],[5.664,-2.588],[6.201,-1.172],[7.153,0.073],[8.203,0.488],[11.377,-1.147],[13.574,-3.613],[12.891,-6.445],[12.622,-8.472],[12.5,-12.5],[12.646,-13.94],[12.988,-16.064],[13.257,-18.164],[13.281,-19.58],[13.208,-20.508],[13.135,-21.533],[13.354,-24.731],[13.867,-28.516],[14.404,-31.982],[14.941,-35.449],[16.235,-43.042],[17.676,-49.365],[18.604,-53.833],[19.092,-57.08],[20.313,-63.501],[20.703,-66.211],[20.313,-67.725],[19.238,-68.262],[17.676,-67.896],[15.332,-66.797],[12.012,-65.479],[9.912,-62.793],[8.984,-59.375],[8.105,-55.859],[7.642,-54.932],[7.324,-54.248],[6.567,-51.953],[6.104,-48.877],[5.786,-46.069],[5.615,-43.311],[5.859,-42.725],[6.934,-41.943],[7.349,-39.795],[7.568,-37.988],[7.104,-35.522],[6.348,-29.785],[5.615,-23.535],[5.371,-20.117],[5.615,-18.408],[5.103,-15.454],[4.883,-10.84]],"c":true},"ix":2},"nm":"I","mn":"ADBE Vector Shape - Group","hd":false}],"nm":"I","np":3,"cix":2,"ix":1,"mn":"ADBE Vector Group","hd":false}]},"fFamily":"Mistral"},{"ch":"S","size":72,"style":"Regular","w":34.57,"data":{"shapes":[{"ty":"gr","it":[{"ind":0,"ty":"sh","ix":1,"ks":{"a":0,"k":{"i":[[0.114,-0.081],[0.195,0],[0.227,0.114],[0,0.765],[0.065,0.912],[0.163,0.619],[0.455,0.847],[0.651,0.847],[1.139,1.335],[2.116,2.441],[0.993,1.254],[0.52,0.814],[0.374,1.107],[0,1.074],[-1.449,1.839],[-2.865,2.312],[-0.212,0.098],[-0.163,0],[0,0],[1.465,-1.057],[0,-0.879],[-0.261,-0.26],[-0.456,0],[-2.344,1.546],[-3.841,3.06],[-0.212,0.863],[0,1.367],[0.537,0.652],[1.074,0],[1.074,-0.391],[1.627,-0.846],[0.879,-0.358],[0.471,-0.26],[0.391,-0.325],[0.553,-0.325],[0.391,-0.195],[1.79,-1.774],[0.748,-1.53],[0.098,-0.26],[0.098,-0.195],[0.342,-1.155],[0,-1.237],[-0.375,-1.27],[-0.684,-0.716],[-0.277,-0.276],[-0.163,-0.195],[-0.212,-0.423],[-0.359,-0.651],[-0.326,-0.374],[-0.456,-0.391],[-1.237,-1.188],[-1.237,-1.497],[-0.814,-1.367],[0,-0.813],[0.407,-0.586],[0.846,-0.748],[0,0],[0,0],[1.448,-1.27],[0.423,0],[0.227,0.326],[-1.254,0.603],[0,0.879],[0.227,0.212],[0.52,0],[3.645,-1.692],[0.944,-0.911],[0,-0.977],[-0.423,-0.456],[-0.781,-0.488],[-0.619,-0.212],[-0.521,0],[-0.652,0.195],[-2.849,1.852],[-2.865,2.792],[-1.546,0.259],[-0.456,0.357],[0,0]],"o":[[-0.114,0.082],[-0.521,0],[-0.228,-0.114],[0,-1.302],[-0.066,-0.911],[-0.163,-0.781],[-0.456,-0.846],[-0.13,-0.065],[-1.14,-1.334],[-1.53,-1.758],[-0.993,-1.253],[-0.716,-1.172],[-0.375,-1.106],[0,-1.367],[1.448,-1.839],[0.227,-0.163],[0.211,-0.098],[0,0],[0.032,0.554],[-1.465,1.058],[0,0.521],[0.26,0.261],[0.944,0],[2.344,-1.546],[0.358,-0.293],[0.211,-0.862],[0,-1.237],[-0.537,-0.651],[-0.554,0],[-1.074,0.391],[-1.107,0.423],[-0.652,0.228],[-0.472,0.261],[-0.684,0.521],[-0.554,0.326],[-2.898,1.986],[-1.791,1.775],[-0.13,0.326],[-0.098,0.261],[-0.652,0.912],[-0.342,1.156],[0,1.888],[0.374,1.27],[0.391,0.359],[0.276,0.277],[0.163,0.13],[0.211,0.423],[0.195,0.326],[0.325,0.375],[1.139,0.912],[1.237,1.189],[1.627,1.921],[0.813,1.367],[0,0.359],[-0.407,0.586],[0,0],[0,0],[0.032,0.326],[-1.449,1.27],[-0.163,0],[0,-0.26],[1.253,-0.602],[0,-0.325],[-0.228,-0.211],[-3.548,1.726],[-1.823,0.814],[-0.945,0.912],[0,0.488],[0.423,0.455],[0.748,0.391],[0.618,0.211],[0.846,-0.228],[2.799,-0.879],[2.848,-1.852],[2.473,-0.195],[1.546,-0.259],[0,0],[-0.13,0.13]],"v":[[32.495,-14.282],[32.031,-14.16],[30.908,-14.331],[30.566,-15.649],[30.469,-18.97],[30.127,-21.265],[29.199,-23.706],[27.539,-26.245],[25.635,-28.345],[20.752,-34.009],[16.968,-38.525],[14.697,-41.626],[13.062,-45.044],[12.5,-48.315],[14.673,-53.125],[21.143,-59.351],[21.802,-59.741],[22.363,-59.888],[22.803,-59.595],[20.654,-57.178],[18.457,-54.272],[18.848,-53.101],[19.922,-52.71],[24.854,-55.029],[34.131,-61.938],[34.985,-63.672],[35.303,-67.017],[34.497,-69.849],[32.08,-70.825],[29.639,-70.239],[25.586,-68.384],[22.607,-67.212],[20.923,-66.479],[19.629,-65.601],[17.773,-64.331],[16.357,-63.55],[9.326,-57.91],[5.518,-52.954],[5.176,-52.075],[4.883,-51.392],[3.394,-48.291],[2.881,-44.702],[3.442,-39.966],[5.029,-36.987],[6.03,-36.035],[6.689,-35.327],[7.251,-34.497],[8.105,-32.886],[8.887,-31.836],[10.059,-30.688],[13.623,-27.539],[17.334,-23.511],[20.996,-18.579],[22.217,-15.308],[21.606,-13.892],[19.727,-11.89],[19.629,-11.694],[19.873,-10.571],[17.749,-8.179],[14.941,-6.274],[14.355,-6.763],[16.235,-8.057],[18.115,-10.278],[17.773,-11.084],[16.65,-11.401],[5.859,-6.274],[1.709,-3.687],[0.293,-0.854],[0.928,0.562],[2.734,1.978],[4.785,2.881],[6.494,3.198],[8.74,2.563],[17.212,-1.534],[25.781,-8.501],[31.812,-9.182],[34.814,-10.107],[32.861,-14.6]],"c":true},"ix":2},"nm":"S","mn":"ADBE Vector Shape - Group","hd":false}],"nm":"S","np":3,"cix":2,"ix":1,"mn":"ADBE Vector Group","hd":false}]},"fFamily":"Mistral"},{"ch":"É","size":72,"style":"Regular","w":42.38,"data":{"shapes":[{"ty":"gr","it":[{"ind":0,"ty":"sh","ix":1,"ks":{"a":0,"k":{"i":[[0.537,-0.26],[0.325,-0.098],[0.862,-0.342],[0.879,-0.325],[0.96,-0.195],[0.944,0],[1.09,-0.455],[0.325,-0.065],[0,0],[0.846,0.066],[0.944,-0.065],[1.563,-0.13],[0.098,0.146],[0,0.326],[-0.163,1.237],[-0.293,1.4],[0,0],[-0.195,0.879],[-0.033,0.423],[-1.465,1.237],[-2.734,0.554],[-2.165,0.212],[-2.214,0.228],[0,0],[-0.423,1.009],[0,1.953],[0.276,0.472],[0.325,0.326],[0,0],[0,0],[0,0],[1.253,-0.163],[0.293,-0.098],[0.7,-0.227],[0.684,-0.195],[1.123,-1.074],[0.293,0],[0.163,0.228],[0,0.423],[-0.066,0.293],[-0.098,0.326],[-0.342,1.205],[-0.554,2.344],[-0.586,2.344],[-0.082,0.488],[-0.163,0.326],[-0.652,0.879],[-0.521,0.195],[0,0],[-0.212,0.13],[-0.163,0.261],[-1.66,0.326],[-0.912,-0.732],[-0.716,0],[-0.439,1.091],[0,2.246],[0.618,0.749],[1.302,0.391],[0.325,0],[0.455,0.033],[0.342,0.049],[0.195,0],[0.244,-0.065],[0.325,-0.065],[0.651,-0.13],[0.748,-0.049],[0.748,-0.032],[1.057,-0.83],[1.237,-0.748],[0.423,-0.358],[0.325,-0.26],[0.439,-0.26],[0.195,-0.13],[0.26,-0.439],[0.163,-0.293],[0.325,-0.227],[0.537,-0.879],[0.195,-0.977],[1.204,-5.403],[-0.066,-1.432],[0.391,-1.53],[0.211,-1.855],[0.065,-1.27],[-0.033,-0.195],[-0.163,-0.325],[0.211,-0.52],[0,-0.163],[0.049,-1.139],[0,-0.488],[-0.375,-0.293],[-1.107,0],[0,0],[0,0],[-0.472,-0.228],[-0.945,-0.033],[-0.635,-0.017],[-0.619,0],[0,0],[0,0],[-1.091,0.374],[-0.977,0.359],[-1.123,0.359],[-0.423,0],[-0.603,0.293],[-0.945,0.586],[-0.961,0.423],[-0.684,0.228],[-0.505,0.375],[-0.359,0.326],[0,0]],"o":[[-0.537,0.261],[-0.879,0.326],[-0.863,0.342],[-0.879,0.326],[-0.961,0.195],[-0.879,0],[-1.091,0.456],[0,0],[-0.879,-0.065],[-0.391,-0.032],[-0.945,0.066],[-0.13,0.066],[-0.098,-0.146],[0,-0.977],[0.163,-1.237],[0,0],[0.26,-1.302],[0.195,-0.879],[0.163,-2.018],[1.465,-1.237],[2.246,-0.195],[2.164,-0.211],[0,0],[0.846,0],[0.423,-1.009],[-0.228,-0.553],[-0.277,-0.471],[0,0],[0,0],[0,0],[-2.246,0.228],[-1.254,0.163],[-0.749,0.326],[-0.7,0.228],[-0.554,0.13],[-1.123,1.074],[-0.326,0],[-0.163,-0.227],[0,-0.293],[0.065,-0.293],[0.065,-0.26],[0.342,-1.204],[0.586,-2.18],[0,-0.651],[0.081,-0.488],[0.716,-1.53],[0.651,-0.879],[0,0],[0.163,-0.065],[0.211,-0.13],[1.627,-0.325],[4.004,0],[0.911,0.732],[0.944,0],[0.439,-1.09],[0,-1.041],[-0.619,-0.748],[-0.293,0.033],[-0.326,0],[-0.586,-0.098],[-0.342,-0.049],[-0.195,0],[-0.244,0.066],[-0.488,0.033],[-0.684,0.066],[-0.749,0.049],[-1.595,0.195],[-1.058,0.83],[-0.554,0.488],[-0.423,0.359],[-0.749,0.456],[-0.439,0.261],[-0.359,0.554],[-0.261,0.439],[-0.098,0.13],[-0.749,0.814],[-0.537,0.879],[-1.27,5.469],[0.065,1.498],[-0.261,1.921],[-0.326,2.539],[-0.212,1.855],[0,0.163],[0.032,0.195],[0,0.228],[-0.212,0.521],[-0.098,1.823],[-0.049,1.14],[0,1.074],[0.374,0.293],[0,0],[0,0],[0,0.423],[0.471,0.227],[0.586,0.065],[0.635,0.016],[0,0],[0,0],[1.172,-0.293],[1.09,-0.374],[1.823,-0.716],[1.123,-0.358],[0.227,0],[0.602,-0.293],[1.237,-0.553],[0.96,-0.423],[0.684,-0.423],[0.504,-0.374],[0,0],[-0.716,0.423]],"v":[[39.038,-13.525],[37.744,-12.988],[35.132,-11.987],[32.52,-10.986],[29.761,-10.205],[26.904,-9.912],[23.95,-9.229],[21.826,-8.447],[18.75,-8.203],[16.162,-8.398],[14.16,-8.35],[10.4,-8.057],[10.059,-8.179],[9.912,-8.887],[10.156,-12.207],[10.84,-16.162],[10.498,-17.627],[11.182,-20.898],[11.523,-22.852],[13.965,-27.734],[20.264,-30.42],[26.88,-31.03],[33.447,-31.689],[36.133,-30.615],[38.037,-32.129],[38.672,-36.572],[37.915,-38.11],[37.012,-39.307],[35.645,-39.941],[33.057,-39.453],[31.689,-39.844],[26.44,-39.258],[24.121,-38.867],[21.948,-38.037],[19.873,-37.402],[17.358,-35.596],[15.234,-33.984],[14.502,-34.326],[14.258,-35.303],[14.355,-36.182],[14.6,-37.109],[15.21,-39.307],[16.553,-44.629],[18.311,-51.416],[18.433,-53.125],[18.799,-54.346],[20.85,-57.959],[22.607,-59.57],[24.316,-58.936],[24.878,-59.229],[25.439,-59.814],[30.371,-60.791],[37.744,-59.692],[40.186,-58.594],[42.261,-60.229],[42.92,-65.234],[41.992,-67.92],[39.111,-69.629],[38.184,-69.58],[37.012,-69.629],[35.62,-69.849],[34.814,-69.922],[34.155,-69.824],[33.301,-69.629],[31.592,-69.385],[29.443,-69.214],[27.197,-69.092],[23.218,-67.554],[19.775,-65.186],[18.311,-63.916],[17.188,-62.988],[15.405,-61.914],[14.453,-61.328],[13.525,-59.839],[12.891,-58.74],[12.256,-58.203],[10.327,-55.664],[9.229,-52.881],[5.518,-36.572],[5.713,-32.178],[4.736,-27.002],[3.931,-20.41],[3.516,-15.723],[3.564,-15.186],[3.857,-14.404],[3.54,-13.281],[3.223,-12.256],[3.003,-7.813],[2.93,-5.371],[3.491,-3.32],[5.713,-2.881],[6.006,-2.539],[5.713,-0.684],[6.421,0.293],[8.545,0.684],[10.376,0.806],[12.256,0.83],[14.111,0],[17.139,0.635],[20.532,-0.366],[23.633,-1.465],[28.052,-3.076],[30.371,-3.613],[31.616,-4.053],[33.936,-5.371],[37.231,-6.836],[39.697,-7.813],[41.479,-9.009],[42.773,-10.059],[40.918,-14.551]],"c":true},"ix":2},"nm":"É","mn":"ADBE Vector Shape - Group","hd":false},{"ind":1,"ty":"sh","ix":2,"ks":{"a":0,"k":{"i":[[0.114,0.488],[0.195,0.488],[0.163,0.261],[0.163,0.228],[0.26,0.179],[0.325,0],[0.455,-0.293],[0.293,-0.586],[0.081,-0.504],[0.325,-0.488],[0.276,-0.309],[0.293,-0.293],[0.439,-0.276],[0.586,-0.52],[0.358,-0.342],[0.455,-0.391],[0.325,-0.439],[0.195,-0.195],[0.391,-0.293],[0.098,-0.227],[-0.066,-0.26],[0,-0.227],[-0.261,-0.325],[-0.326,0],[-0.391,0.228],[-0.179,0.359],[-0.293,0.195],[-0.439,0.114],[-0.163,0.13],[-0.277,0.277],[-0.391,0.261],[-0.342,0.049],[-0.391,0.228],[-0.31,0.359],[-0.228,0.098],[-0.326,0.179],[-0.293,0.195],[-0.375,0.375],[-0.195,0.359],[-0.114,0.375],[0,0.391]],"o":[[-0.114,-0.488],[-0.098,-0.227],[-0.163,-0.26],[-0.228,-0.293],[-0.261,-0.179],[-0.521,0],[-0.456,0.293],[-0.163,0.359],[-0.082,0.505],[-0.195,0.293],[-0.277,0.31],[-0.195,0.195],[-0.439,0.277],[-0.326,0.293],[-0.359,0.342],[-0.228,0.195],[-0.326,0.439],[-0.293,0.293],[-0.391,0.293],[-0.163,0.293],[0.065,0.261],[0,0.488],[0.26,0.326],[0.651,-0.13],[0.195,-0.098],[0.179,-0.358],[0.163,-0.098],[0.439,-0.114],[0.391,-0.26],[0.276,-0.276],[0.391,-0.26],[0.342,-0.049],[0.195,-0.098],[0.309,-0.358],[0.358,-0.13],[0.325,-0.179],[0.488,-0.293],[0.374,-0.374],[0.195,-0.325],[0.114,-0.374],[0,-0.391]],"v":[[37.573,-81.885],[37.109,-83.35],[36.719,-84.082],[36.23,-84.814],[35.498,-85.522],[34.619,-85.791],[33.154,-85.352],[32.031,-84.033],[31.665,-82.739],[31.055,-81.25],[30.347,-80.347],[29.492,-79.443],[28.54,-78.735],[27.002,-77.539],[25.977,-76.587],[24.756,-75.488],[23.926,-74.536],[23.145,-73.584],[22.119,-72.705],[21.387,-71.924],[21.24,-71.094],[21.338,-70.361],[21.729,-69.141],[22.607,-68.652],[24.17,-69.189],[24.731,-69.873],[25.439,-70.703],[26.343,-71.021],[27.246,-71.387],[28.247,-72.192],[29.248,-72.998],[30.347,-73.462],[31.445,-73.877],[32.202,-74.561],[33.008,-75.244],[34.033,-75.708],[34.961,-76.27],[36.255,-77.271],[37.109,-78.369],[37.573,-79.419],[37.744,-80.566]],"c":true},"ix":2},"nm":"É","mn":"ADBE Vector Shape - Group","hd":false}],"nm":"É","np":5,"cix":2,"ix":1,"mn":"ADBE Vector Group","hd":false}]},"fFamily":"Mistral"},{"ch":"V","size":72,"style":"Regular","w":42.04,"data":{"shapes":[{"ty":"gr","it":[{"ind":0,"ty":"sh","ix":1,"ks":{"a":0,"k":{"i":[[0,0],[0.601,-1.627],[0.877,-2.344],[0.748,-1.725],[0.422,-0.651],[0.325,-0.586],[0.162,-0.423],[0.471,-0.96],[0.292,-0.358],[0.715,-0.716],[0.163,0.195],[0.065,0.359],[0.229,1.009],[0.196,0.879],[0.131,0.31],[0,0.228],[0,0],[0.246,1.66],[0.163,1.107],[0.114,0.928],[0.032,0.716],[0.065,0.114],[0,0.228],[-0.098,0.814],[0,0.359],[0.13,0.749],[-0.066,0.521],[0,0.195],[0.227,0.716],[0,0.326],[-0.228,0.505],[-0.066,0.228],[-0.13,1.563],[-0.13,1.205],[0.049,0.521],[0.163,0.554],[0.309,0.342],[0.358,0],[0.342,-0.195],[0.455,-0.325],[0.895,-0.7],[0.488,-1.139],[0.26,-1.172],[0.358,-1.953],[-0.131,-0.488],[0,0],[-0.146,-0.471],[-0.327,-0.488],[-0.098,-0.537],[-0.163,-0.52],[0.098,-0.293],[0,-0.325],[-0.212,-0.651],[-0.327,-0.455],[0,0],[-0.196,-0.716],[0.032,-0.944],[-0.066,-0.358],[-0.195,-0.488],[-0.082,-0.358],[0,-0.26],[-0.245,-1.627],[-0.163,-1.074],[-0.163,-0.423],[-0.13,-0.227],[-0.082,-0.504],[-0.163,-0.846],[-0.457,-1.416],[-0.587,-0.977],[-0.229,-0.667],[-0.131,-0.813],[0,0],[0,0],[0.75,-0.813],[0,-0.553],[-0.702,-0.781],[-0.816,0],[-0.537,0.179],[-0.618,0.358],[-0.488,0.652],[-0.618,0.293],[-0.684,0.814],[-0.455,0.521],[-0.033,0.456],[0.292,0.684],[-0.586,1.058],[-0.455,0.912],[-1.171,2.67],[-1.529,3.548],[-0.862,2.507],[0.163,0.652],[-0.228,0.439],[0,0.326],[-0.049,0.488],[-0.066,0.456],[-0.163,1.074],[0,0.228],[0.163,0.326],[0.358,0],[0.358,-0.13],[0,0],[0.471,-0.846],[0.325,-1.399],[0.195,-0.895],[0.163,-0.944],[-0.13,-0.553]],"o":[[-0.26,0.879],[-0.601,1.628],[-1.073,2.832],[-0.748,1.726],[-0.423,0.749],[-0.325,0.586],[-0.65,1.628],[-0.471,0.961],[-0.423,0.749],[-0.197,0],[-0.164,-0.195],[-0.23,-1.074],[-0.229,-1.009],[-0.262,-0.325],[-0.131,-0.309],[0,0],[-0.229,-2.18],[-0.246,-1.66],[-0.163,-1.27],[-0.114,-0.928],[-0.195,-0.781],[-0.066,-0.114],[0,-0.391],[0.098,-0.813],[-0.195,-0.813],[0.13,-1.465],[0.065,-0.52],[0,-0.325],[-0.228,-0.716],[0,-0.293],[0.227,-0.504],[0.065,-1.92],[0.13,-1.563],[0.032,-0.423],[-0.049,-0.52],[-0.195,-0.651],[-0.31,-0.342],[-0.293,0],[-0.342,0.195],[-1.335,0.261],[-0.896,0.7],[-0.13,0.326],[-0.261,1.172],[0.098,0.326],[0,0],[-0.098,0.359],[0.146,0.472],[0,0.619],[0.098,0.537],[-0.131,0.261],[-0.098,0.293],[0,0.879],[0.212,0.652],[0,0],[-0.066,0.13],[0,0.912],[0,0.293],[0.066,0.359],[0.163,0.521],[0.082,0.359],[0.261,2.181],[0.244,1.628],[0.195,0.554],[0.163,0.423],[0,0.163],[0.082,0.505],[0.391,1.823],[0.456,1.416],[0.326,0.619],[0.228,0.668],[0,0],[0,0],[-0.098,0.261],[-0.751,0.814],[0,0.814],[0.701,0.781],[0.455,0],[0.536,-0.179],[0.325,-0.488],[0.716,-0.358],[0.91,-1.009],[0.683,-0.813],[0.098,-0.195],[-0.261,-0.553],[0.618,-1.139],[0.585,-1.057],[0.877,-1.725],[1.17,-2.669],[1.821,-4.264],[0.862,-2.506],[0.357,-0.586],[0.227,-0.439],[0.097,-0.488],[0.049,-0.488],[0.293,-1.953],[0.163,-1.074],[0,-0.618],[-0.163,-0.325],[-0.652,0.195],[0,0],[-0.554,0.228],[-0.472,0.847],[-0.13,0.945],[-0.195,0.896],[0.13,0.423],[0,0]],"v":[[33.447,-46.631],[32.156,-42.871],[29.938,-36.914],[27.207,-30.078],[25.453,-26.514],[24.332,-24.512],[23.601,-22.998],[21.918,-19.116],[20.773,-17.139],[19.067,-14.941],[18.527,-15.234],[18.184,-16.064],[17.496,-19.189],[16.858,-22.021],[16.269,-22.974],[16.073,-23.779],[16.023,-25.391],[15.311,-31.152],[14.698,-35.303],[14.282,-38.599],[14.063,-41.064],[13.672,-42.407],[13.574,-42.92],[13.721,-44.727],[13.867,-46.484],[13.379,-48.828],[13.672,-51.807],[13.77,-52.881],[13.428,-54.443],[13.086,-56.006],[13.428,-57.202],[13.867,-58.301],[14.16,-63.525],[14.551,-67.676],[14.526,-69.092],[14.209,-70.703],[13.452,-72.192],[12.451,-72.705],[11.499,-72.412],[10.303,-71.631],[6.958,-70.19],[4.883,-67.432],[4.297,-65.186],[3.369,-60.498],[3.712,-59.277],[3.418,-57.324],[3.491,-56.079],[4.201,-54.639],[4.347,-52.905],[4.739,-51.318],[4.396,-50.488],[4.25,-49.561],[4.568,-47.266],[5.376,-45.605],[4.984,-43.701],[5.18,-42.432],[5.131,-39.648],[5.228,-38.672],[5.62,-37.402],[5.987,-36.084],[6.11,-35.156],[6.868,-29.443],[7.48,-25.391],[8.018,-23.926],[8.458,-22.949],[8.58,-21.948],[8.948,-19.922],[10.22,-15.063],[11.786,-11.475],[12.617,-9.546],[13.156,-7.324],[13.645,-6.689],[13.792,-6.201],[12.52,-4.59],[11.395,-2.539],[12.447,-0.146],[14.722,1.025],[16.209,0.757],[17.941,-0.049],[19.161,-1.758],[21.162,-2.734],[23.552,-5.469],[25.259,-7.471],[25.455,-8.447],[24.625,-10.303],[26.431,-13.599],[27.991,-16.553],[31.065,-23.145],[35.114,-32.471],[39.139,-42.627],[40.188,-47.363],[41.066,-48.901],[41.408,-50.049],[41.627,-51.514],[41.798,-52.93],[42.48,-57.471],[42.725,-59.424],[42.48,-60.84],[41.699,-61.328],[40.186,-60.84],[37.061,-59.521],[35.522,-57.91],[34.326,-54.541],[33.838,-51.782],[33.301,-49.023],[33.691,-47.559]],"c":true},"ix":2},"nm":"V","mn":"ADBE Vector Shape - Group","hd":false}],"nm":"V","np":3,"cix":2,"ix":1,"mn":"ADBE Vector Group","hd":false}]},"fFamily":"Mistral"}]}