[{"id_voyage":"1","depense":"500","id":"1"},{"id_voyage":"2","depense":"750","id":"2"},{"id_voyage":"22","depense":"5000","id":"3"},{"id_voyage":"21","depense":"2500","id":"4"},{"id_voyage":"0","depense":"254569","id":"5"},{"id_voyage":"0","depense":"35135","id":"6"},{"id_voyage":"0","depense":"35135","id":"7"},{"id_voyage":"0","depense":"35135","id":"8"},{"id_voyage":"0","depense":"35135","id":"9"},{"id_voyage":"0","depense":"35135","id":"10"},{"id_voyage":"0","depense":"35135","id":"11"},{"id_voyage":"0","depense":"35135","id":"12"},{"id_voyage":"0","depense":"0","id":"13"},{"id_voyage":"0","depense":"1","id":"14"},{"id_voyage":"0","depense":"11","id":"15"},{"id_voyage":"0","depense":"11","id":"16"},{"id_voyage":"0","depense":"11","id":"17"},{"id_voyage":"0","depense":"11","id":"18"},{"id_voyage":"0","depense":"11","id":"19"},{"id_voyage":"0","depense":"11","id":"20"},{"id_voyage":"2222","depense":"11","id":"21"},{"id_voyage":"0","depense":"0","id":"22"}]