<?xml version="1.0" encoding="UTF-8"?><finance><depense><identifiant_voyage>1</identifiant_voyage><montant>500</montant></depense><depense><identifiant_voyage>2</identifiant_voyage><montant>750</montant></depense><depense><identifiant_voyage>22</identifiant_voyage><montant>5000</montant></depense><depense><identifiant_voyage>21</identifiant_voyage><montant>2500</montant></depense><depense><identifiant_voyage>0</identifiant_voyage><montant>254569</montant></depense><depense><identifiant_voyage>0</identifiant_voyage><montant>35135</montant></depense><depense><identifiant_voyage>0</identifiant_voyage><montant>35135</montant></depense><depense><identifiant_voyage>0</identifiant_voyage><montant>35135</montant></depense><depense><identifiant_voyage>0</identifiant_voyage><montant>35135</montant></depense><depense><identifiant_voyage>0</identifiant_voyage><montant>35135</montant></depense><depense><identifiant_voyage>0</identifiant_voyage><montant>35135</montant></depense><depense><identifiant_voyage>0</identifiant_voyage><montant>35135</montant></depense><depense><identifiant_voyage>0</identifiant_voyage><montant>0</montant></depense><depense><identifiant_voyage>0</identifiant_voyage><montant>1</montant></depense><depense><identifiant_voyage>0</identifiant_voyage><montant>11</montant></depense><depense><identifiant_voyage>0</identifiant_voyage><montant>11</montant></depense><depense><identifiant_voyage>0</identifiant_voyage><montant>11</montant></depense><depense><identifiant_voyage>0</identifiant_voyage><montant>11</montant></depense><depense><identifiant_voyage>0</identifiant_voyage><montant>11</montant></depense><depense><identifiant_voyage>0</identifiant_voyage><montant>11</montant></depense><depense><identifiant_voyage>2222</identifiant_voyage><montant>11</montant></depense><depense><identifiant_voyage>0</identifiant_voyage><montant>0</montant></depense></finance>