<?xml version="1.0" encoding="UTF-8"?><banque_client><client><nom>tarek</nom><situation>celibataire</situation><telephone>5149617122</telephone><adresse>7100 rue bombardier</adresse><ville>montreal</ville><pro>QB</pro><pays>Canada</pays><cp>1h2 2g2</cp><adhesion>2017-10-12</adhesion></client><client><nom>asma</nom><situation>marier</situation><telephone>5149617120</telephone><adresse>7100 tue de laurier</adresse><ville>montreal</ville><pro>QB</pro><pays>canada</pays><cp>1k2 2g2</cp><adhesion>2017-10-12</adhesion></client></banque_client>